ID;T_ID;T_Gen;T_sex;Month;Season;Year;Location;Beat;Prey_code_DV;P_Sp_code;P_species;Age_group;P_Sex_Code;P_Sex;Remarks;reserve_cl;reserve_nm;2km_OF_Village;250_OF_water
1;T1;1;2;4;S;2009;MADLA;228;W;6;CHEETAL;ADULT;1;MALE;NO REMARKS;2;core_area;1;1
2;T1;1;2;4;S;2009;JUDI;224;W;5;SAMBAR;ADULT;1;MALE;KILL DATE 26.04.2009;2;core_area;0;0
3;T1;1;2;4;S;2009;BHADAR;228;W;5;SAMBAR;ADULT;2;FEMALE;KILL DATE 14.04.2009;2;core_area;0;1
4;T1;1;2;4;S;2009;JUDI;226;W;6;CHEETAL;ADULT;1;MALE;NO REMARKS;2;core_area;0;0
5;T1;1;2;4;S;2009;PIPARTOLA;414;W;5;SAMBAR;ADULT;1;MALE;WITNESSED KILLING;2;core_area;0;1
6;T1;1;2;6;S;2009;JUDI;226;W;6;CHEETAL;ADULT;1;MALE;2 DAYS OLD KILL;2;core_area;0;0
7;T1;1;2;6;S;2009;PIPARTOLA;222;W;5;SAMBAR;ADULT;2;FEMALE;1 DAY OLD KILL;2;core_area;0;1
8;T1;1;2;6;S;2009;PIPARTOLA;424;W;4;NILGAI;UNKNOWN;1;MALE;3 DAY OLD KILL;2;core_area;0;1
9;T1;1;2;6;S;2009;PIPARTOLA;222;W;5;SAMBAR;ADULT;2;FEMALE;KILL HAPPENED DURING NIGHT;2;core_area;0;1
10;T1;1;2;7;R;2009;NARARAN;404;W;5;SAMBAR;ADULT;1;MALE;NO REMARKS;2;core_area;0;0
11;T1;1;2;8;R;2009;PIPARTOLA;222;W;5;SAMBAR;ADULT;2;FEMALE;3 DAY OLD KILL;2;core_area;0;1
12;T1;1;2;8;R;2009;BADGADI;493;W;4;NILGAI;UNKNOWN;1;MALE;KILL HAPPENED DURING NIGHT;2;core_area;0;0
13;T1;1;2;8;R;2009;PIPARTOLA;424;W;5;SAMBAR;ADULT;1;MALE;4 DAY OLD KILL;2;core_area;0;1
14;T1;1;2;9;R;2009;JUDI;224;W;5;SAMBAR;ADULT;1;MALE;4 DAY OLD KILL;2;core_area;0;0
15;T1;1;2;10;R;2009;JUDI;224;W;5;SAMBAR;ADULT;3;UNKNOWN;NO REMARKS;2;core_area;0;1
16;T1;1;2;11;W;2009;PIPARTOLA;222;W;5;SAMBAR;ADULT;1;MALE;NO REMARKS;2;core_area;0;1
17;T1;1;2;11;W;2009;KHARIYA;434;W;5;SAMBAR;ADULT;2;FEMALE;NO REMARKS;2;core_area;0;0
18;T1;1;2;12;W;2009;KHARIYA;434;W;5;SAMBAR;ADULT;3;UNKNOWN;NO REMARKS;2;core_area;0;0
19;T1;1;2;3;S;2010;PIPARTOLA;624;D;1;COW;ADULT;1;MALE;NO REMARKS;2;core_area;0;0
20;T1;1;2;4;S;2010;BASAI NALA;1322;W;5;SAMBAR;ADULT;1;MALE;NO REMARKS;1;buffer_zone;0;0
21;T1;1;2;4;S;2010;CHAPNER JHIRIYA;426;W;5;SAMBAR;ADULT;1;MALE;NO REMARKS;2;core_area;0;1
22;T1;1;2;4;S;2010;BHADAR;429;W;5;SAMBAR;ADULT;3;UNKNOWN;NO REMARKS;2;core_area;0;0
23;T1;1;2;4;S;2010;GANDLADA NALA;424;W;5;SAMBAR;ADULT;1;MALE;NO REMARKS;2;core_area;0;0
24;T1;1;2;4;S;2010;EMILIA SEHA;1;W;5;SAMBAR;ADULT;2;FEMALE;NO REMARKS;2;core_area;0;0
25;T1;1;2;4;S;2010;PIPARTOLA;222;W;5;SAMBAR;ADULT;2;FEMALE;NO REMARKS;2;core_area;0;0
26;T1;1;2;4;S;2010;NARARAN;413;D;1;COW;ADULT;1;MALE;NO REMARKS;2;core_area;0;0
27;T1;1;2;4;S;2010;NUNKHAR;424;W;5;SAMBAR;ADULT;1;MALE;NO REMARKS;2;core_area;0;0
28;T1;1;2;6;S;2010;KHARIYA;436;W;5;SAMBAR;ADULT;1;MALE;NO REMARKS;2;core_area;0;0
29;T1;1;2;6;S;2010;NARARAN;414;W;5;SAMBAR;ADULT;1;MALE;NO REMARKS;2;core_area;0;0
30;T1;1;2;6;S;2010;NARARAN;413;UK;8;UNKNOWN;UNKNOWN;3;UNKNOWN;NO REMARKS;2;core_area;0;0
31;T1;1;2;6;S;2010;PIPARTOLA;222;W;5;SAMBAR;ADULT;1;MALE;NO REMARKS;2;core_area;0;0
32;T1;1;2;6;S;2010;JALAU LINE;426;W;5;SAMBAR;ADULT;2;FEMALE;NO REMARKS;2;core_area;0;0
33;T1;1;2;7;R;2010;KATARI;1332;W;5;SAMBAR;ADULT;1;MALE;NO REMARKS;1;buffer_zone;0;0
34;T1;1;2;7;R;2010;KATARI;1332;W;4;NILGAI;UNKNOWN;3;UNKNOWN;NO REMARKS;1;buffer_zone;0;1
35;T1;1;2;7;R;2010;KATARI;1332;W;5;SAMBAR;ADULT;1;MALE;NO REMARKS;1;buffer_zone;1;0
36;T1;1;2;8;R;2010;BBC;1331;W;4;NILGAI;UNKNOWN;1;MALE;NO REMARKS;2;core_area;0;0
37;T1;1;2;8;R;2010;KUDAN;1324;W;4;NILGAI;UNKNOWN;1;MALE;NO REMARKS;1;buffer_zone;0;0
38;T1;1;2;8;R;2010;UNKNOWN;1323;W;4;NILGAI;UNKNOWN;2;FEMALE;NO REMARKS;1;buffer_zone;1;0
39;T1;1;2;8;R;2010;UNKNOWN;1323;W;7;WILDPIG;UNKNOWN;3;UNKNOWN;NO REMARKS;1;buffer_zone;1;0
40;T1;1;2;8;R;2010;PIPARTOLA;222;W;5;SAMBAR;ADULT;1;MALE;NO REMARKS;1;buffer_zone;0;0
41;T1;1;2;9;R;2010;KHARIYASOUTH HINAUTA;434;W;5;SAMBAR;ADULT;1;MALE;2 DAYS OLD KILL;2;core_area;0;0
42;T1;1;2;9;R;2010;SOUTH HINAUTA;434;W;5;SAMBAR;ADULT;2;FEMALE;NO REMARKS;2;core_area;0;0
43;T1;1;2;9;R;2010;KUDAN;1324;W;5;SAMBAR;ADULT;1;MALE;NO REMARKS;1;buffer_zone;0;0
44;T1;1;2;10;R;2010;NARARAN;413;W;5;SAMBAR;ADULT;1;MALE;NO REMARKS;2;core_area;0;0
45;T1;1;2;10;R;2010;KHARIYA;427;W;5;SAMBAR;ADULT;1;MALE;NO REMARKS;2;core_area;0;0
46;T1;1;2;11;W;2010;BILHATA;429;W;4;NILGAI;UNKNOWN;2;FEMALE;NO REMARKS;2;core_area;0;0
47;T1;1;2;11;W;2010;KHARIYA;424;W;5;SAMBAR;ADULT;3;UNKNOWN;NO REMARKS;2;core_area;0;0
48;T1;1;2;11;W;2010;KHARIYA;424;W;5;SAMBAR;ADULT;2;FEMALE;NO REMARKS;2;core_area;0;0
49;T1;1;2;11;W;2010;KHARIYA;434;W;9;CARNIVORES;UNKNOWN;3;UNKNOWN;Leopard;2;core_area;0;0
50;T1;1;2;12;W;2010;KHARIYA;436;W;6;CHEETAL;ADULT;1;MALE;NO REMARKS;2;core_area;0;1
51;T1;1;2;12;W;2010;BBC;1331;W;5;SAMBAR;ADULT;1;MALE;NO REMARKS;2;core_area;0;0
52;T1;1;2;12;W;2010;KHARIYA;436;W;4;NILGAI;UNKNOWN;1;MALE;NO REMARKS;2;core_area;0;0
53;T1;1;2;1;W;2011;PIPARTOLA;424;W;5;SAMBAR;YOUNG;3;UNKNOWN;KILL OF SAMBAR(KID);2;core_area;0;0
54;T1;1;2;1;W;2011;KATARIKUDAN;1324;W;5;SAMBAR;ADULT;1;MALE;KILL OF 1 SAMBAR 1324 KUDAN;1;buffer_zone;0;0
55;T1;1;2;1;W;2011;BHADAR;428;W;5;SAMBAR;ADULT;1;MALE;KILL OF 1 SAMBAR IN EMILIA;2;core_area;0;1
56;T1;1;2;2;W;2011;KHARIYA;436;W;5;SAMBAR;ADULT;2;FEMALE;NO REMARKS;2;core_area;0;0
57;T1;1;2;2;W;2011;BILHATA;422;W;7;WILDPIG;UNKNOWN;3;UNKNOWN;NO REMARKS;2;core_area;0;0
58;T1;1;2;2;W;2011;NARARAN;413;W;6;CHEETAL;ADULT;1;MALE;NO REMARKS;2;core_area;0;0
59;T1;1;2;2;W;2011;KHARIYA;436;W;7;WILDPIG;UNKNOWN;3;UNKNOWN;NO REMARKS;2;core_area;0;1
60;T1;1;2;2;W;2011;KHARIYA;424;W;5;SAMBAR;ADULT;2;FEMALE;2 DAYS OLD KILL;2;core_area;0;0
61;T1;1;2;3;S;2011;KHARIYA;434;W;5;SAMBAR;ADULT;1;MALE;T-3 4 T-4 WERE BOTH TOGETHER;2;core_area;0;0
62;T1;1;2;3;S;2011;KHARIYA;436;W;5;SAMBAR;ADULT;1;MALE;NO REMARKS;2;core_area;0;1
63;T1;1;2;3;S;2011;KHARIYA;427;W;5;SAMBAR;ADULT;2;FEMALE;NO REMARKS;1;buffer_zone;0;0
64;T1;1;2;3;S;2011;PIPARTOLA;424;W;4;NILGAI;UNKNOWN;1;MALE;423 4 424 WITHIN THE BOUNDRY OF BANDSAW;2;core_area;0;0
65;T1;1;2;4;S;2011;KHARIYA;427;W;5;SAMBAR;ADULT;2;FEMALE;2 DAYS OLD KILL;2;core_area;0;0
66;T1;1;2;4;S;2011;BHADAR;428;W;5;SAMBAR;ADULT;1;MALE;WITNESSED KILLING;1;buffer_zone;1;0
67;T1;1;2;4;S;2011;KATARI;1323;W;5;SAMBAR;ADULT;2;FEMALE;KILL HAPPENED AT 4:00 AM;1;buffer_zone;1;0
68;T1;1;2;4;S;2011;KHARIYA;427;W;4;NILGAI;UNKNOWN;1;MALE;NO REMARKS;1;buffer_zone;1;0
69;T1;1;2;4;S;2011;BBC;1331;W;9;BIRD;ADULT;1;MALE;Peocock;2;core_area;0;0
70;T1;1;2;6;S;2011;KHARIYA;427;W;5;SAMBAR;ADULT;2;FEMALE;T-1 VOLUNTEER HAS WITNESSED WHILE EATING;1;buffer_zone;1;0
71;T1;1;2;6;S;2011;BHADAR;428;W;5;SAMBAR;ADULT;1;MALE;2 SAMBAR (KID);2;core_area;0;0
72;T1;1;2;6;S;2011;BUNDELA BABA CAMP;1331;W;5;SAMBAR;ADULT;1;MALE;2 DAYS OLD KILL;1;buffer_zone;1;0
73;T1;1;2;6;S;2011;KHARIYA;427;W;5;SAMBAR;ADULT;1;MALE;PROBOBLY 14 DAYS OLD KILL;1;buffer_zone;1;0
74;T1;1;2;6;S;2011;PIPARTOLA;423;W;5;SAMBAR;ADULT;1;MALE;1 DAY OLD KILL;2;core_area;0;0
75;T1;1;2;6;S;2011;PIPARTOLA;424;W;5;SAMBAR;ADULT;2;FEMALE;NO REMARKS;1;buffer_zone;0;0
76;T1;1;2;6;S;2011;WEST HINAUTA;424;W;4;NILGAI;UNKNOWN;2;FEMALE;NO REMARKS;2;core_area;0;0
77;T1;1;2;7;R;2011;KATARI;1322;W;5;SAMBAR;ADULT;1;MALE;NO REMARKS;1;buffer_zone;0;0
78;T1;1;2;8;R;2011;BBC;1338;D;1;COW;ADULT;2;FEMALE;NO REMARKS;2;core_area;0;0
79;T1;1;2;8;R;2011;BBC;1332;W;5;SAMBAR;ADULT;1;MALE;NO REMARKS;1;buffer_zone;0;0
80;T1;1;2;8;R;2011;BBC;1332;W;4;NILGAI;UNKNOWN;2;FEMALE;2 YEARS(APPROX);1;HDL;1;1
81;T1;1;2;8;R;2011;JUDI;226;W;5;SAMBAR;ADULT;1;MALE;NO REMARKS;2;core_area;0;1
82;T1;1;2;9;R;2011;JUDI;224;W;5;SAMBAR;ADULT;2;FEMALE;NO REMARKS;2;core_area;0;1
83;T1;1;2;9;R;2011;WEST HINAUTA;431;W;5;SAMBAR;ADULT;1;MALE;T-1 VOLUNTEER HAS WITNESSED WHILE EATING;2;core_area;0;0
84;T1;1;2;9;R;2011;PIPARTOLA;22;W;5;SAMBAR;ADULT;2;FEMALE;NO REMARKS;2;core_area;0;0
85;T1;1;2;9;R;2011;JUDI;224;W;9;CARNIVORES;YOUNG;3;UNKNOWN;1 YEAR (APPROX) leopard;2;core_area;0;0
86;T1;1;2;9;R;2011;KHARIYA;426;W;5;SAMBAR;ADULT;2;FEMALE;NO REMARKS;1;HDL;1;1
87;T1;1;2;9;R;2011;KHARIYA;426;W;5;SAMBAR;ADULT;2;FEMALE;T-1 VOLUNTEER HAS WITNESSED WHILE EATING;2;core_area;0;0
88;T1;1;2;10;R;2011;KHARIYA;426;W;5;SAMBAR;ADULT;1;MALE;NO REMARKS;2;core_area;0;0
89;T1;1;2;10;R;2011;RAUPURA;649;W;7;WILDPIG;ADULT;2;FEMALE;NO REMARKS;1;HDL;1;1
90;T1;1;2;10;R;2011;BBC;1338;W;5;SAMBAR;ADULT;2;FEMALE;NO REMARKS;2;core_area;0;0
91;T1;1;2;10;R;2011;KHARIYA;426;W;5;SAMBAR;ADULT;1;MALE;NO REMARKS;2;core_area;0;1
92;T1;1;2;12;W;2011;JUDI;224;W;5;SAMBAR;ADULT;1;MALE;NO REMARKS;2;core_area;0;1
93;T1;1;2;12;W;2011;JUDI;224;W;5;SAMBAR;ADULT;2;FEMALE;NO REMARKS;2;core_area;0;1
94;T1;1;2;1;W;2012;KATARI;1332;W;5;SAMBAR;ADULT;3;UNKNOWN;NO REMARKS;1;buffer_zone;0;0
95;T1;1;2;1;W;2012;JUDI;224;W;5;SAMBAR;ADULT;2;FEMALE;NO REMARKS;2;core_area;0;1
96;T1;1;2;1;W;2012;PIPARTOLA;222;W;6;CHEETAL;ADULT;1;MALE;NO REMARKS;2;core_area;0;1
97;T1;1;2;2;W;2012;WEST HINAUTA;424;W;5;SAMBAR;ADULT;2;FEMALE;NO REMARKS;2;core_area;0;0
98;T1;1;2;2;W;2012;SOUTH HINAUTA;434;W;6;CHEETAL;ADULT;2;FEMALE;NO REMARKS;2;core_area;0;0
99;T1;1;2;3;S;2012;SOUTH HINAUTA;434;W;5;SAMBAR;ADULT;3;UNKNOWN;NO REMARKS;2;core_area;0;0
100;T1;1;2;3;S;2012;PIPARTOLA;424;W;5;SAMBAR;ADULT;1;MALE;NO REMARKS;2;core_area;0;0
101;T1;1;2;3;S;2012;WEST HINAUTA;424;D;1;COW;YOUNG;2;UNKNOWN;MALE;2;core_area;0;0
102;T1;1;2;3;S;2012;JUDI;227;W;5;SAMBAR;ADULT;1;MALE;NO REMARKS;2;core_area;0;1
103;T1;1;2;3;S;2012;PIPARTOLA;424;W;5;SAMBAR;ADULT;2;FEMALE;NO REMARKS;2;core_area;0;0
104;T1;1;2;3;S;2012;BHADAR;429;W;6;CHEETAL;ADULT;2;FEMALE;NO REMARKS;2;core_area;0;0
105;T1;1;2;3;S;2012;KATARI;1332;W;5;SAMBAR;ADULT;2;FEMALE;NO REMARKS;1;HDL;1;1
106;T1;1;2;4;S;2012;CHAUKAN;643;W;5;SAMBAR;ADULT;2;FEMALE;KILL HAPPENED ON 01.04.2012;1;HDL;1;1
107;T1;1;2;4;S;2012;KHARIYA;426;W;5;SAMBAR;ADULT;2;FEMALE;KILL HAPPENED ON 04.04.2012;2;core_area;0;0
108;T1;1;2;4;S;2012;PIPARTOLA;424;W;5;SAMBAR;ADULT;3;UNKNOWN;P-111 and T-1 WERE TOGETHER EATING THE KILL;2;core_area;0;0
109;T1;1;2;4;S;2012;BBC;1338;W;5;SAMBAR;ADULT;1;MALE;1 DAY OLD KILL;2;core_area;0;0
110;T1;1;2;4;S;2012;WEST HINAUTA;424;W;5;SAMBAR;ADULT;2;FEMALE;KILL HAPPENED ON 24.04.2012 AT 11 PM;2;core_area;0;0
111;T1;1;2;4;S;2012;BHADAR;419;W;5;SAMBAR;ADULT;2;FEMALE;KILL HAPPENED ON 10.04.2012 NIGHT;2;core_area;0;0
112;T1;1;2;4;S;2012;PIPARTOLA;424;W;5;SAMBAR;ADULT;2;FEMALE;T-1 TEAM HAS WITNESSED THE KILL;2;core_area;0;0
113;T1;1;2;4;S;2012;JUDI;226;W;5;SAMBAR;YOUNG;3;UNKNOWN;NO REMARKS;2;core_area;0;1
114;T1;1;2;4;S;2012;PIPARTOLA;423;W;6;CHEETAL;ADULT;1;MALE;KILL MAY HAVE HAPPENED ON 31.04.2012 AT 7 AM;2;core_area;0;0
115;T1;1;2;6;S;2012;PIPARTOLA;423;W;5;SAMBAR;ADULT;1;MALE;NO REMARKS;2;core_area;0;1
116;T1;1;2;6;S;2012;PIPARTOLA;424;W;5;SAMBAR;ADULT;3;UNKNOWN;NO REMARKS;2;core_area;0;0
117;T1;1;2;7;R;2012;BHADAR;428;W;5;SAMBAR;ADULT;2;FEMALE;2 DAYS OLD KILL;2;core_area;0;1
118;T1;1;2;8;R;2012;PIPARTOLA;223;W;5;SAMBAR;ADULT;2;FEMALE;NO REMARKS;2;core_area;0;0
119;T1;1;2;8;R;2012;KHARIYA;434;W;5;SAMBAR;ADULT;2;FEMALE;1 DAY OLD KILL;2;core_area;0;0
120;T1;1;2;8;R;2012;KHARIYA;434;W;5;SAMBAR;ADULT;2;FEMALE;FRESH KILL;2;core_area;0;0
121;T1;1;2;9;R;2012;NARARAN;413;W;4;NILGAI;UNKNOWN;1;MALE;NO REMARKS;2;core_area;0;0
122;T1;1;2;9;R;2012;BHADAR;422;W;5;SAMBAR;ADULT;2;FEMALE;2 DAYS OLD KILL;2;core_area;0;1
123;T1;1;2;10;R;2012;KHARIYA;434;W;4;NILGAI;UNKNOWN;2;FEMALE;2 DAYS OLD KILL;2;core_area;0;0
124;T1;1;2;10;R;2012;BHADAR;428;W;6;CHEETAL;ADULT;2;FEMALE;2 DAYS OLD KILL;2;core_area;0;0
125;T1;1;2;10;R;2012;BBC;1331;W;5;SAMBAR;ADULT;2;FEMALE;NO REMARKS;1;HDL;1;1
126;T1;1;2;11;W;2012;BBC;1331;W;5;SAMBAR;ADULT;1;MALE;NO REMARKS;2;core_area;0;1
127;T1;1;2;11;W;2012;BHADAR;428;W;5;SAMBAR;ADULT;1;MALE;KID;2;core_area;0;0
128;T1;1;2;12;W;2012;KHARIYA;436;W;5;SAMBAR;ADULT;1;MALE;FRESH KILL;2;core_area;0;1
129;T1;1;2;1;W;2013;BBC;1331;W;4;NILGAI;UNKNOWN;3;UNKNOWN;NO REMARKS;2;core_area;0;0
130;T1;1;2;1;W;2013;BBC;1331;W;5;SAMBAR;ADULT;3;UNKNOWN;NO REMARKS;2;core_area;0;0
131;T1;1;2;2;W;2013;KATARI ABHYA;1322;W;5;SAMBAR;ADULT;3;UNKNOWN;2 DAYS OLD KILL;1;HDL;1;1
132;T1;1;2;2;W;2013;BBC;1332;W;5;SAMBAR;ADULT;2;FEMALE;NO REMARKS;1;HDL;1;1
133;T1;1;2;3;S;2013;SOUTH HINAUTA;434;W;5;SAMBAR;ADULT;3;UNKNOWN;NO REMARKS;2;core_area;0;0
134;T1;1;2;4;S;2013;KHARIYA;427;W;5;SAMBAR;ADULT;1;MALE;1 DAY OLD KILL;2;core_area;0;0
135;T1;1;2;4;S;2013;KHARIYA;426;W;5;SAMBAR;ADULT;1;MALE;NO REMARKS;2;core_area;0;0
136;T1;1;2;4;S;2013;KHARIYA;427;W;5;SAMBAR;ADULT;2;FEMALE;FRESH;1;buffer_zone;1;0
137;T1;1;2;4;S;2013;KHARIYA;427;W;5;SAMBAR;ADULT;3;UNKNOWN;NO REMARKS;1;buffer_zone;1;0
138;T1;1;2;4;S;2013;KHARIYA;427;W;5;SAMBAR;ADULT;1;MALE;NO REMARKS;2;core_area;0;0
139;T1;1;2;4;S;2013;BHADAR;428;W;5;SAMBAR;ADULT;2;FEMALE;NO REMARKS;2;core_area;0;0
140;T2;1;2;9;R;2009;BADAUR;547;W;5;SAMBAR;ADULT;1;MALE;NO REMARKS;2;core_area;0;0
141;T2;1;2;9;R;2009;JARGHOWA;1361;D;1;COW;YOUNG;2;UNKNOWN;MALE;2;core_area;0;0
142;T2;1;2;9;R;2009;RAMPURA;1356;W;4;NILGAI;UNKNOWN;1;MALE;2 DAYS OLD KILL;2;core_area;1;0
143;T2;1;2;9;R;2009;JARGHOWA;1361;D;1;COW;ADULT;2;FEMALE;NO REMARKS;1;HDL;1;1
144;T2;1;2;9;R;2009;BADAUR;542;W;4;NILGAI;UNKNOWN;3;UNKNOWN;NO REMARKS;2;core_area;0;0
145;T2;1;2;10;R;2009;AKOLA;402;UK;8;UNKNOWN;UNKNOWN;3;UNKNOWN;2 DAYS OLD KILL(NOT CLEAR);1;HDL;1;1
146;T2;1;2;11;W;2009;RAJABARIYA;383;W;5;SAMBAR;ADULT;3;UNKNOWN;NO REMARKS;2;core_area;0;1
147;T2;1;2;12;W;2009;BADAUR;547;D;1;COW;ADULT;1;MALE;NO REMARKS;1;buffer_zone;0;0
148;T2;1;2;12;W;2009;RAMPURA;1356;W;5;SAMBAR;ADULT;3;UNKNOWN;NO REMARKS;2;core_area;1;0
149;T2;1;2;3;S;2010;MAHUAMOD;1339;UK;8;UNKNOWN;UNKNOWN;3;UNKNOWN;NO REMARKS;2;core_area;0;0
150;T2;1;2;5;S;2010;KANDWAHA;1348;UK;8;UNKNOWN;UNKNOWN;3;UNKNOWN;NO REMARKS;2;core_area;0;0
151;T2;1;2;5;S;2010;RAMPURA;1356;W;7;WILDPIG;UNKNOWN;3;UNKNOWN;NO REMARKS;2;core_area;1;0
152;T2;1;2;5;S;2010;KANDWAHA;1348;W;5;SAMBAR;ADULT;3;UNKNOWN;NO REMARKS;2;core_area;0;0
153;T2;1;2;5;S;2010;SOUTH HINAUTA;540;W;5;SAMBAR;ADULT;3;UNKNOWN;NO REMARKS;2;core_area;0;0
154;T2;1;2;6;S;2010;KANDWAHA;1348;W;7;WILDPIG;UNKNOWN;3;UNKNOWN;NO REMARKS;2;core_area;0;0
155;T2;1;2;6;S;2010;RAMPURA;1355;W;5;SAMBAR;ADULT;2;FEMALE;NO REMARKS;2;core_area;0;0
156;T2;1;2;6;S;2010;RAMPURA;1355;W;5;SAMBAR;ADULT;1;MALE;NO REMARKS;2;core_area;0;0
157;T2;1;2;6;S;2010;JARGHOWA;382;W;5;SAMBAR;ADULT;1;MALE;NO REMARKS;2;core_area;0;0
158;T2;1;2;6;S;2010;JARGHOWA;382;W;5;SAMBAR;ADULT;3;UNKNOWN;NO REMARKS;2;core_area;0;0
159;T2;1;2;7;R;2010;ITWATEK;1366;D;1;COW;ADULT;1;MALE;2 DAYS OLD KILL(NOT CLEAR);2;core_area;0;0
160;T2;1;2;9;R;2010;TARA;1352;UK;8;UNKNOWN;UNKNOWN;3;UNKNOWN;NO REMARKS;1;buffer_zone;1;0
161;T2;1;2;9;R;2010;AMJHIRYA;1;D;2;BUFFALO;ADULT;2;FEMALE;NO REMARKS;1;buffer_zone;0;0
162;T2;1;2;10;R;2010;KANDWAHA;1349;UK;8;UNKNOWN;UNKNOWN;3;UNKNOWN;NO REMARKS;2;core_area;0;0
163;T2;1;2;10;R;2010;KHARIYA;536;UK;8;UNKNOWN;UNKNOWN;3;UNKNOWN;NO REMARKS;2;core_area;0;0
164;T2;1;2;10;R;2010;RAMPURA;1356;UK;8;UNKNOWN;UNKNOWN;3;UNKNOWN;NO REMARKS;2;core_area;1;0
165;T2;1;2;11;W;2010;KANDWAHA;1351;W;6;CHEETAL;ADULT;1;MALE;NO REMARKS;2;core_area;1;1
166;T2;1;2;12;W;2010;KANDWAHA;1348;UK;8;UNKNOWN;UNKNOWN;3;UNKNOWN;NO REMARKS;2;core_area;0;0
167;T2;1;2;12;W;2010;BADAUR;547;D;2;BUFFALO;ADULT;2;FEMALE;NO REMARKS;2;core_area;0;0
168;T2;1;2;9;R;2011;RAMPURA;1355;W;5;SAMBAR;ADULT;1;MALE;2 DAYS OLD KILL;2;core_area;0;0
169;T2;1;2;10;R;2011;RAMPURA;1355;W;5;SAMBAR;ADULT;1;MALE;NO REMARKS;2;core_area;0;0
170;T2;1;2;10;R;2011;JARGHOWA;548;W;5;SAMBAR;ADULT;2;FEMALE;NO REMARKS;2;core_area;0;0
171;T2;1;2;10;R;2011;KANDWAHA;1348;W;5;SAMBAR;YOUNG;3;UNKNOWN;T-2 CUBS COMMITTED THE KILL;2;core_area;0;1
172;T2;1;2;10;R;2011;BBC;138;W;5;SAMBAR;ADULT;1;MALE;NO REMARKS;2;core_area;0;0
173;T2;1;2;10;R;2011;KANDWAHA;1350;W;5;SAMBAR;YOUNG;3;UNKNOWN;NO REMARKS;2;core_area;0;0
174;T2;1;2;11;W;2011;BADAUR;545;W;5;SAMBAR;ADULT;1;MALE;NO REMARKS;2;core_area;0;0
175;T2;1;2;11;W;2011;KANDWAHA;1350;D;2;BUFFALO;ADULT;2;FEMALE;NO REMARKS;2;core_area;0;1
176;T2;1;2;11;W;2011;GANGAU WILD FOREST;259;D;1;COW;ADULT;2;FEMALE;NO REMARKS;1;buffer_zone;1;0
177;T2;1;2;12;W;2011;BBC;1338;D;2;BUFFALO;ADULT;2;FEMALE;KILL HAPPENED ON 26.11.2011;2;core_area;0;0
178;T2;1;2;12;W;2011;KANDWAHA;1350;W;6;CHEETAL;YOUNG;3;UNKNOWN;1 YEAR OLD SPOTTED DEER BABY;2;core_area;0;0
179;T2;1;2;12;W;2011;BADAUR;545;W;5;SAMBAR;ADULT;2;FEMALE;NO REMARKS;2;core_area;0;0
180;T2;1;2;12;W;2011;TARA;1352;D;1;COW;ADULT;1;MALE;NO REMARKS;1;buffer_zone;1;0
181;T2;1;2;12;W;2011;UTTAR BANDI;404;W;5;SAMBAR;ADULT;2;FEMALE;FOREST AREA BESIDES OF PANNA- AMANGANJ ROAD;1;buffer_zone;0;1
182;T2;1;2;12;W;2011;ITWATEK;1367;W;5;SAMBAR;ADULT;2;FEMALE;1 DAY OLD KILL;2;core_area;0;0
183;T2;1;2;12;W;2011;UTTAR BANDI;406;W;5;SAMBAR;YOUNG;3;UNKNOWN;NO REMARKS;2;core_area;0;1
184;T2;1;2;1;W;2012;RAMPURA SANCTURY;1368;W;5;SAMBAR;ADULT;2;FEMALE;NO REMARKS;2;core_area;1;0
185;T2;1;2;1;W;2012;RAMPURA SANCTURY;1368;W;5;SAMBAR;ADULT;2;FEMALE;NO REMARKS;1;buffer_zone;0;0
186;T2;1;2;1;W;2012;RAMPURA SANCTURY;1368;W;5;SAMBAR;YOUNG;3;UNKNOWN;50 METRES AWAY FROM SAMBAR KILL;1;buffer_zone;0;0
187;T2;1;2;1;W;2012;UTTAR BANDI;404;D;1;COW;ADULT;2;FEMALE;FOREST AREA WHICH 150 MTS AWAY FROM PANNA-AMANGANJ ROAD;1;HDL;1;1
188;T2;1;2;1;W;2012;AKOLA;400;D;1;COW;ADULT;1;MALE;FOREST AREA WHICH 100 MTS AWAY FROM PANNA-AMANGANJ ROAD;1;buffer_zone;0;0
189;T2;1;2;1;W;2012;JARGHOWA;548;W;5;SAMBAR;ADULT;2;FEMALE;NO REMARKS;2;core_area;0;0
190;T2;1;2;2;W;2012;BADAUR;545;W;5;SAMBAR;YOUNG;3;UNKNOWN;NO REMARKS;2;core_area;0;0
191;T2;1;2;2;W;2012;TARA;1352;W;5;SAMBAR;ADULT;1;MALE;KILL WITNESSED THROUGH ELEPHANTS;1;buffer_zone;1;0
192;T2;1;2;2;W;2012;KANDWAHA;1351;W;7;WILDPIG;ADULT;2;FEMALE;"KILL HAPPENED ON 17.02.2012 AT NIGHT 9.30 PM BUT; NONE OF THE T-2 CUBS HAD EATEN.";2;core_area;1;1
193;T2;1;2;2;W;2012;KANDWAHA;1350;D;1;COW;ADULT;1;MALE;NO REMARKS;2;core_area;1;0
194;T2;1;2;2;W;2012;MAHUAMOD;1340;W;9;CARNIVORES;ADULT;1;MALE;Leopard DID NOT TOUCH LEOPARD MEAT;2;core_area;0;0
195;T2;1;2;2;W;2012;MAHUAMOD;1340;D;1;COW;ADULT;1;MALE;KILL HAPPENED 345 MTRS AWAY FROM LEOPARD KILL;2;core_area;0;0
196;T2;1;2;3;S;2012;AKOLA;400;D;1;COW;ADULT;1;MALE;NO REMARKS;2;core_area;0;0
197;T2;1;2;3;S;2012;BADAUR;547;D;1;COW;ADULT;2;FEMALE;NO REMARKS;2;core_area;0;0
198;T2;1;2;3;S;2012;RAJABARIYA;394;W;5;SAMBAR;ADULT;1;MALE;NO REMARKS;2;core_area;0;0
199;T2;1;2;3;S;2012;BBC;1338;D;1;COW;YOUNG;2;UNKNOWN;MALE;2;core_area;1;0
200;T2;1;2;3;S;2012;BBC;1338;W;5;SAMBAR;ADULT;2;FEMALE;NO REMARKS;2;core_area;0;0
201;T2;1;2;3;S;2012;TARA;1353;W;5;SAMBAR;ADULT;2;FEMALE;NO REMARKS;1;buffer_zone;0;0
202;T2;1;2;4;S;2012;ITWATEK;1362;W;5;SAMBAR;ADULT;2;FEMALE;NO REMARKS;2;core_area;0;0
203;T2;1;2;4;S;2012;BADAUR;545;W;5;SAMBAR;ADULT;1;MALE;NO REMARKS;2;core_area;0;0
204;T2;1;2;5;S;2012;BADAUR;542;D;1;COW;YOUNG;2;UNKNOWN;MALE;2;core_area;0;0
205;T2;1;2;5;S;2012;BADAUR;542;D;1;COW;YOUNG;2;UNKNOWN;MALE;2;core_area;0;0
206;T2;1;2;6;S;2012;SOUTH HINAUTA;542;W;7;WILDPIG;UNKNOWN;3;UNKNOWN;NO REMARKS;2;core_area;0;0
207;T2;1;2;6;S;2012;BADAUR;542;W;5;SAMBAR;ADULT;1;MALE;NO REMARKS;2;core_area;0;0
208;T2;1;2;6;S;2012;ITWATEK;1366;W;5;SAMBAR;ADULT;2;FEMALE;NO REMARKS;2;core_area;0;0
209;T2;1;2;6;S;2012;JARGHOWA;1361;W;5;SAMBAR;ADULT;3;UNKNOWN;NO REMARKS;2;core_area;0;0
210;T2;1;2;7;R;2012;BADAUR;542;W;5;SAMBAR;YOUNG;3;UNKNOWN;NO REMARKS;1;HDL;1;1
211;T2;1;2;7;R;2012;BADAUR;545;W;5;SAMBAR;ADULT;1;MALE;KILL HAPPENED ON 06.08.2012;2;core_area;0;0
212;T2;1;2;8;R;2012;BADAUR;542;W;5;SAMBAR;ADULT;2;FEMALE;NO REMARKS;2;core_area;0;0
213;T2;1;2;8;R;2012;BADAUR;542;W;5;SAMBAR;ADULT;1;MALE;NO REMARKS;1;HDL;1;1
214;T2;1;2;8;R;2012;RAMPURA;1356;W;5;SAMBAR;ADULT;1;MALE;NO REMARKS;1;HDL;1;1
215;T2;1;2;8;R;2012;RAMPURA;1356;W;5;SAMBAR;ADULT;1;MALE;NO REMARKS;1;HDL;1;1
216;T2;1;2;8;R;2012;BADAUR;547;W;5;SAMBAR;ADULT;2;FEMALE;NO REMARKS;1;HDL;1;1
217;T2;1;2;9;R;2012;BADAUR;545;W;5;SAMBAR;ADULT;1;MALE;NO REMARKS;1;HDL;1;1
218;T2;1;2;9;R;2012;SOUTH HINAUTA;540;W;5;SAMBAR;ADULT;3;UNKNOWN;NO REMARKS;1;HDL;1;1
219;T2;1;2;9;R;2012;MAHUAMOD;1339;D;1;COW;ADULT;1;MALE;NO REMARKS;1;HDL;1;1
220;T2;1;2;9;R;2012;MAHUAMOD;1350;D;1;COW;YOUNG;3;UNKNOWN;FEMALE;1;HDL;1;1
221;T2;1;2;10;R;2012;TARA;1352;D;1;COW;YOUNG;3;UNKNOWN;NO REMARKS;1;HDL;1;1
222;T2;1;2;10;R;2012;JARGHOWA;381;D;2;BUFFALO;ADULT;2;FEMALE;COMMON AREA OF T-2 and T-3 LOCATION;1;HDL;1;1
223;T2;1;2;10;R;2012;JARGHOWA;382;W;5;SAMBAR;ADULT;2;FEMALE;AROUND 6 DAYS OLD KILL;1;HDL;1;1
224;T2;1;2;10;R;2012;JARGHOWA;381;W;5;SAMBAR;ADULT;2;FEMALE;1 DAY OLD KILL;1;HDL;1;1
225;T2;1;2;10;R;2012;RAMPURA;1363;W;4;NILGAI;UNKNOWN;2;FEMALE;NO REMARKS;1;HDL;1;1
226;T2;1;2;10;R;2012;RAMPURA;1356;W;5;SAMBAR;ADULT;2;FEMALE;NO REMARKS;2;core_area;1;0
227;T2;1;2;10;R;2012;BBC;1343;W;5;SAMBAR;ADULT;2;FEMALE;NO REMARKS;2;core_area;0;0
228;T2;1;2;11;W;2012;RAJABARIYA;383;W;4;NILGAI;UNKNOWN;3;UNKNOWN;NO REMARKS;2;core_area;0;0
229;T2;1;2;11;W;2012;RAJABARIYA;382;W;5;SAMBAR;YOUNG;3;UNKNOWN;TEAM HAS WITNESSED WHILE T-2 WAS EATING THE KILL;2;core_area;0;0
230;T2;1;2;12;W;2012;JARGHOWA;548;W;4;NILGAI;UNKNOWN;2;FEMALE;NO REMARKS;2;core_area;1;0
231;T2;1;2;12;W;2012;BADAUR;545;W;5;SAMBAR;ADULT;3;UNKNOWN;NO REMARKS;2;core_area;0;0
232;T2;1;2;1;W;2013;JARGHOWA;548;D;1;COW;ADULT;2;FEMALE;1 DAY OLD KILL;2;core_area;0;0
233;T2;1;2;1;W;2013;BBC;1338;W;5;SAMBAR;ADULT;1;MALE;2 DAYS OLD KILL;2;core_area;0;1
234;T2;1;2;2;W;2013;BBC;1338;W;5;SAMBAR;ADULT;1;MALE;13 DAYS OLD KILL;2;core_area;0;0
235;T2;1;2;3;S;2013;BADAUR;545;W;5;SAMBAR;ADULT;1;MALE;KILL HAPPENED ON 15.01.13 DURING NIGHT HOURS;2;core_area;0;0
236;T2;1;2;4;S;2013;BADAUR;545;D;1;COW;ADULT;2;FEMALE;NO REMARKS;2;core_area;0;1
237;T2;1;2;4;S;2013;RAJABARIYA;383;W;5;SAMBAR;ADULT;1;MALE;NO REMARKS;2;core_area;0;0
238;T2;1;2;4;S;2013;BBC;1338;W;4;NILGAI;UNKNOWN;3;UNKNOWN;4 DAYS OLD KILL;2;core_area;0;0
239;T2;1;2;4;S;2013;BBC;1338;D;1;COW;ADULT;1;MALE;NO REMARKS;2;core_area;0;0
240;T2;1;2;5;S;2013;RAMPURA;1356;W;5;SAMBAR;ADULT;2;FEMALE;1 DAY OLD KILL.T-2 and P-111 COLLECTIVELY DONE THE KILL;2;core_area;1;0
241;T2;1;2;5;S;2013;KANDWAHA;1351;W;5;SAMBAR;ADULT;2;FEMALE;NO REMARKS;2;core_area;0;0
242;T2;1;2;5;S;2013;SOUTH HINAUTA;537;W;7;WILDPIG;ADULT;1;MALE;WILD PIG MEAT WAS NOT EATEN;2;core_area;0;0
243;T2;1;2;5;S;2013;BADAUR;545;W;5;SAMBAR;ADULT;2;FEMALE;NO REMARKS;2;core_area;0;0
244;T2;1;2;5;S;2013;RAJABARIYA;393;W;7;WILDPIG;UNKNOWN;3;UNKNOWN;2 DAYS OLD KILL;2;core_area;0;0
245;T2;1;2;6;S;2013;JARGHOWA;548;W;5;SAMBAR;ADULT;3;UNKNOWN;NO REMARKS;2;core_area;0;0
246;T2;1;2;6;S;2013;BADAUR;545;W;7;WILDPIG;UNKNOWN;3;UNKNOWN;NO REMARKS;1;HDL;1;1
247;T2;1;2;6;S;2013;BADAUR;542;W;5;SAMBAR;ADULT;2;FEMALE;NO REMARKS;2;core_area;0;0
248;T3;1;1;11;W;2009;BILHATA;507;D;1;COW;ADULT;1;MALE;NO REMARKS;2;core_area;1;0
249;T3;1;1;11;W;2009;RAIPURA;457;W;4;NILGAI;UNKNOWN;1;MALE;NO REMARKS;2;core_area;0;0
250;T3;1;1;12;W;2009;TENDUKHEDA;426;D;1;COW;ADULT;2;FEMALE;NO REMARKS;2;core_area;0;0
251;T3;1;1;1;W;2010;JARGHOWA;548;D;2;BUFFALO;ADULT;2;FEMALE;NO REMARKS;2;core_area;0;1
252;T3;1;1;1;W;2010;RAMPURA;1356;D;1;COW;YOUNG;2;UNKNOWN;MALE;2;core_area;0;0
253;T3;1;1;2;W;2010;KHARIYA;536;W;7;WILDPIG;UNKNOWN;3;UNKNOWN;NO REMARKS;2;core_area;0;1
254;T3;1;1;2;W;2010;RAMPURA;1356;D;1;COW;YOUNG;3;UNKNOWN;MALE;2;core_area;1;0
255;T3;1;1;3;S;2010;MAHUAMOD;345;W;5;SAMBAR;ADULT;3;UNKNOWN;NO REMARKS;2;core_area;1;0
256;T3;1;1;5;S;2010;KATARIA;546;D;1;COW;ADULT;1;MALE;1 DAY OLD KILL;1;buffer_zone;0;0
257;T3;1;1;6;S;2010;BHADAR;528;W;5;SAMBAR;ADULT;3;UNKNOWN;NO REMARKS;2;core_area;0;1
258;T3;1;1;9;R;2010;JOODI;227;W;5;SAMBAR;ADULT;1;MALE;4 DAY OLD KILL;2;core_area;0;0
259;T3;1;1;9;R;2010;BADAUR;545;W;5;SAMBAR;ADULT;1;MALE;NO REMARKS;2;core_area;0;0
260;T3;1;1;10;R;2010;MAHUAMOD;1345;W;5;SAMBAR;ADULT;3;UNKNOWN;NO REMARKS;2;core_area;1;1
261;T3;1;1;10;R;2010;KATARIA;546;D;1;COW;YOUNG;3;UNKNOWN;MALE;1;buffer_zone;0;0
262;T3;1;1;11;W;2010;BBC;1331;W;5;SAMBAR;ADULT;1;MALE;NO REMARKS;2;core_area;0;0
263;T3;1;1;11;W;2010;PIPARTOLA;524;W;5;SAMBAR;ADULT;1;MALE;2 DAY OLD KILL;2;core_area;0;0
264;T3;1;1;11;W;2010;WEST HANAUTI;530;W;6;CHEETAL;ADULT;1;MALE;NO REMARKS;2;core_area;0;0
265;T3;1;1;12;W;2010;BBC;1331;W;5;SAMBAR;ADULT;1;MALE;NO REMARKS;2;core_area;0;0
266;T3;1;1;12;W;2010;UNKNOWN;504;W;5;SAMBAR;ADULT;3;UNKNOWN;NO REMARKS;2;core_area;0;0
267;T3;1;1;12;W;2010;RAMPURA;1348;D;1;COW;YOUNG;3;UNKNOWN;MALE;2;core_area;1;0
268;T3;1;1;12;W;2010;BBC;1331;W;5;SAMBAR;ADULT;2;FEMALE;NO REMARKS;2;core_area;0;0
269;T3;1;1;1;W;2011;TARA;1352;W;5;SAMBAR;ADULT;1;MALE;OUT OF PART LIMITS;1;buffer_zone;1;0
270;T3;1;1;1;W;2011;BHADAR;522;W;7;WILDPIG;UNKNOWN;3;UNKNOWN;NO REMARKS;2;core_area;0;1
271;T3;1;1;1;W;2011;DRSMARAN;504;D;1;COW;ADULT;1;MALE;NO REMARKS;2;core_area;0;0
272;T3;1;1;1;W;2011;BADAUR;547;D;1;COW;YOUNG;3;UNKNOWN;KILLED ALONG WITH MOTHER;2;core_area;0;0
273;T3;1;1;1;W;2011;BADAUR;547;D;1;COW;ADULT;2;FEMALE;NO REMARKS;2;core_area;0;0
274;T3;1;1;1;W;2011;BADAUR;547;D;1;COW;ADULT;2;FEMALE;2 CALFS ALSO KILLED;2;core_area;0;0
275;T3;1;1;1;W;2011;BADAUR;547;D;1;COW;ADULT;2;FEMALE;1 NO OF CALF FOUND SEPARATELY;2;core_area;0;0
276;T3;1;1;1;W;2011;BADAUR;547;D;1;COW;YOUNG;3;UNKNOWN;KILLED ALONG WITH MOTHER;2;core_area;0;0
277;T3;1;1;2;W;2011;DRSMARAN;513;D;1;COW;ADULT;1;MALE;2 DAY OLD KILL;2;core_area;0;1
278;T3;1;1;3;S;2011;BBC;1338;D;1;COW;ADULT;2;FEMALE;2 COWS KILLS WERE FOUND;2;core_area;0;1
279;T3;1;1;3;S;2011;BBC;1338;D;1;COW;ADULT;2;FEMALE;2 COWS KILLS WERE FOUND;2;core_area;0;1
280;T3;1;1;5;S;2011;KATARIA;1332;W;5;SAMBAR;ADULT;1;MALE;NO REMARKS;2;core_area;0;0
281;T3;1;1;5;S;2011;RAMPURA;1356;D;1;COW;ADULT;1;MALE;BOTH THE KILLS WERE FOULD WITH IN THE RANGE OF 100 MTRS;2;core_area;1;0
282;T3;1;1;5;S;2011;RAMPURA;1356;D;1;COW;ADULT;2;FEMALE; ;2;core_area;1;0
283;T3;1;1;6;S;2011;KANDWAHA;1351;D;2;BUFFALO;ADULT;2;FEMALE;NO REMARKS;1;buffer_zone;1;0
284;T3;1;1;7;R;2011;KHARIYA;535;D;2;BUFFALO;ADULT;2;FEMALE;NO REMARKS;2;core_area;0;0
285;T3;1;1;10;R;2011;BBC;1331;D;2;BUFFALO;YOUNG;1;MALE;2 YEAR OLD MALE CALF OF A BUFFALO;2;core_area;0;0
286;T3;1;1;11;W;2011;UMRAVAN;244;D;2;BUFFALO;ADULT;2;FEMALE;NO REMARKS;2;core_area;0;0
287;T3;1;1;12;W;2011;JARGHOWA;380;W;5;SAMBAR;ADULT;1;MALE;NO REMARKS;2;core_area;1;0
288;T3;1;1;1;W;2012;MAHUAMOD;1340;D;1;COW;YOUNG;3;UNKNOWN;NO REMARKS;2;core_area;1;0
289;T3;1;1;1;W;2012;BBC;1331;D;2;BUFFALO;ADULT;2;FEMALE;NO REMARKS;2;core_area;0;0
290;T3;1;1;2;W;2012;BUXAR;252;D;1;COW;ADULT;1;MALE;NO REMARKS;1;buffer_zone;1;0
291;T3;1;1;2;W;2012;BUXAR;252;D;2;BUFFALO;ADULT;2;FEMALE;NO REMARKS;2;core_area;0;0
292;T3;1;1;2;W;2012;BALEYA;249;D;2;BUFFALO;YOUNG;3;UNKNOWN;CALF (BUFFALO) 3 YEARS;2;core_area;0;0
293;T3;1;1;2;W;2012;PATANGHIRIA;238;D;1;COW;ADULT;1;MALE;NO REMARKS;2;core_area;0;0
294;T3;1;1;3;S;2012;BBC;1339;W;4;NILGAI;UNKNOWN;1;MALE;NO REMARKS;2;core_area;0;0
295;T3;1;1;3;S;2012;PATANGHIRIA;231;W;5;SAMBAR;ADULT;1;MALE;NO REMARKS;2;core_area;0;0
296;T3;1;1;3;S;2012;BADAUR SEHA;238;D;1;COW;ADULT;1;MALE;NO REMARKS;2;core_area;0;0
297;T3;1;1;4;S;2012;KHARIYA;526;W;5;SAMBAR;ADULT;2;FEMALE;NO REMARKS;2;core_area;0;0
298;T3;1;1;5;S;2012;MADLA;230;D;1;COW;ADULT;1;MALE;NO REMARKS;2;core_area;0;1
299;T3;1;1;5;S;2012;DRSMARAN;513;D;1;COW;ADULT;1;MALE;NO REMARKS;2;core_area;0;1
300;T3;1;1;6;S;2012;MAHADEVGHAT;667;W;9;CARNIVORES;ADULT;1;MALE;NO REMARKS;2;core_area;0;0
301;T3;1;1;6;S;2012;BADAUR SEHA;238;D;2;BUFFALO;ADULT;2;FEMALE;NO REMARKS;2;core_area;0;0
302;T3;1;1;9;R;2012;MAHUAMOD;1340;D;2;BUFFALO;ADULT;2;FEMALE;NO REMARKS;2;core_area;1;0
303;T3;1;1;9;R;2012;DRSMARAN;513;D;1;COW;ADULT;1;MALE;NO REMARKS;1;buffer_zone;0;0
304;T3;1;1;10;R;2012;JARGHOWA;381;D;2;BUFFALO;ADULT;2;FEMALE;NO REMARKS;1;HDL;1;1
305;T3;1;1;10;R;2012;DRSMARAN;513;D;1;COW;ADULT;1;MALE;NO REMARKS;2;core_area;0;0
306;T3;1;1;11;W;2012;BADGADI;517;D;1;COW;ADULT;1;MALE;NO REMARKS;2;core_area;0;0
307;T3;1;1;12;W;2012;PIPARTOLA;524;D;1;COW;ADULT;1;MALE;NO REMARKS;2;core_area;0;1
308;T3;1;1;12;W;2012;PIPARTOLA;524;D;1;COW;ADULT;1;MALE;NO REMARKS;2;core_area;0;1
309;T3;1;1;1;W;2013;KATARIA;546;D;1;COW;ADULT;2;FEMALE;NO REMARKS;1;buffer_zone;1;1
310;T3;1;1;1;W;2013;BBC;1331;D;2;BUFFALO;ADULT;2;FEMALE;NO REMARKS;2;core_area;0;0
311;T3;1;1;2;W;2013;DRSMARAN;513;D;1;COW;ADULT;1;MALE;NO REMARKS;2;core_area;0;1
312;T3;1;1;2;W;2013;BBC;1331;D;1;COW;ADULT;1;MALE;2 DAYS OLD KILL;2;core_area;0;0
313;T3;1;1;3;S;2013;PIPARTOLA;524;D;1;COW;ADULT;1;MALE;NO REMARKS;2;core_area;0;0
314;T3;1;1;3;S;2013;BADAUR;545;D;1;COW;ADULT;2;FEMALE;3 DAYS OLD KILL;2;core_area;0;0
315;T3;1;1;4;S;2013;WEST HANAUTI;525;D;1;COW;ADULT;1;MALE;NO REMARKS;2;core_area;0;0
316;T3;1;1;4;S;2013;PIPARTOLA;524;D;1;COW;ADULT;1;MALE;NO REMARKS;2;core_area;0;1
317;T3;1;1;5;S;2013;DRSMARAN;513;D;1;COW;ADULT;1;MALE;NO REMARKS;2;core_area;0;0
318;T3;1;1;5;S;2013;DRSMARAN;513;D;1;COW;ADULT;1;MALE;NO REMARKS;2;core_area;0;0
319;T4;1;2;4;S;2011;PATANGHIRIA;232;D;3;GOAT;ADULT;2;FEMALE;NO REMARKS;2;core_area;0;0
320;T4;1;2;4;S;2011;PIPARTOLA;222;W;5;SAMBAR;ADULT;2;FEMALE;NO REMARKS;2;core_area;0;0
321;T4;1;2;5;S;2011;PIPARTOLA;222;D;1;COW;YOUNG;3;UNKNOWN;MALE;2;core_area;0;1
322;T4;1;2;5;S;2011;JOODI;226;W;5;SAMBAR;ADULT;2;FEMALE;NO REMARKS;2;core_area;0;0
323;T4;1;2;5;S;2011;JOODI;226;D;1;COW;YOUNG;3;UNKNOWN;MALE;2;core_area;0;0
324;T4;1;2;5;S;2011;JOODI;227;W;4;NILGAI;UNKNOWN;1;MALE;NO REMARKS;2;core_area;0;0
325;T4;1;2;6;S;2011;JOODI;224;W;7;WILDPIG;UNKNOWN;3;UNKNOWN;FOUND WILD PIG FOOT PRINTS & LEGS;2;core_area;0;1
326;T4;1;2;6;S;2011;RAIPURA;658;W;4;NILGAI;UNKNOWN;2;FEMALE;NO REMARKS;2;core_area;0;0
327;T4;1;2;6;S;2011;JOODI;224;D;1;COW;ADULT;2;FEMALE;NO REMARKS;2;core_area;0;1
328;T4;1;2;6;S;2011;JOODI;224;W;7;WILDPIG;UNKNOWN;3;UNKNOWN;NO REMARKS;2;core_area;0;1
329;T4;1;2;1;W;2011;RAJGARH;666;W;5;SAMBAR;ADULT;2;FEMALE;NO REMARKS;2;core_area;0;1
330;T4;1;2;6;S;2011;PIPARTOLA;222;UK;8;UNKNOWN;UNKNOWN;3;UNKNOWN;NO REMARKS;2;core_area;0;1
331;T4;1;2;6;S;2011;JOODI;226;W;5;SAMBAR;ADULT;3;UNKNOWN;NO REMARKS;2;core_area;0;0
332;T4;1;2;6;S;2011;MADLA;230;W;4;NILGAI;UNKNOWN;1;MALE;NO REMARKS;2;core_area;0;0
333;T4;1;2;6;S;2011;MADLA;229;W;5;SAMBAR;ADULT;1;MALE;NO REMARKS;2;core_area;0;0
334;T4;1;2;7;R;2011;MADLA;228;W;5;SAMBAR;ADULT;1;MALE;NO REMARKS;2;core_area;0;0
335;T4;1;2;7;R;2011;JOODI;227;W;5;SAMBAR;ADULT;2;FEMALE;NO REMARKS;2;core_area;0;0
336;T4;1;2;8;R;2011;MADLA;229;W;7;WILDPIG;YOUNG;3;UNKNOWN;NO REMARKS;2;core_area;0;0
337;T4;1;2;8;R;2011;MADLA;228;D;2;BUFFALO;ADULT;2;FEMALE;NO REMARKS;2;core_area;1;1
338;T4;1;2;8;R;2011;NORTH HINAUTI;538;D;2;BUFFALO;ADULT;2;FEMALE;NO REMARKS;2;core_area;0;0
339;T4;1;2;9;R;2011;PATANGHIRIA;232;D;2;BUFFALO;ADULT;2;FEMALE;NO REMARKS;2;core_area;0;0
340;T4;1;2;9;R;2011;BADAUR;293;W;4;NILGAI;UNKNOWN;1;MALE;NO REMARKS;2;core_area;0;0
341;T4;1;2;10;R;2011;UMRAVAN;237;W;5;SAMBAR;ADULT;3;UNKNOWN;NO REMARKS;2;core_area;0;0
342;T4;1;2;10;R;2011;BUXAR;252;D;2;BUFFALO;ADULT;2;FEMALE;NO REMARKS;2;core_area;0;0
343;T4;1;2;10;R;2011;BUXAR;252;W;5;SAMBAR;ADULT;2;FEMALE;NO REMARKS;2;core_area;0;0
344;T4;1;2;10;R;2011;BUXAR;252;D;1;COW;ADULT;1;MALE;MALE;2;core_area;0;0
345;T4;1;2;12;W;2011;UMRAVAN;254;D;2;BUFFALO;ADULT;2;FEMALE;NO REMARKS;2;core_area;0;0
346;T4;1;2;12;W;2011;UMRAVAN;254;D;1;COW;YOUNG;3;UNKNOWN;MALE;2;core_area;0;0
347;T4;1;2;1;W;2012;BADAUR;238;D;1;COW;ADULT;2;FEMALE;NO REMARKS;2;core_area;0;0
348;T4;1;2;1;W;2012;MADLA;229;D;1;COW;ADULT;1;MALE;NO REMARKS;2;core_area;0;0
349;T4;1;2;2;W;2012;UMRAVAN;254;D;1;COW;ADULT;1;MALE;NO REMARKS;2;core_area;0;0
350;T4;1;2;2;W;2012;UMRAVAN;237;W;5;SAMBAR;ADULT;2;FEMALE;NO REMARKS;2;core_area;0;0
351;T4;1;2;2;W;2012;UMRAVAN;237;D;1;COW;ADULT;1;MALE;NO REMARKS;1;buffer_zone;1;1
352;T4;1;2;3;S;2012;UMRAVAN;237;D;1;COW;ADULT;2;FEMALE;NO REMARKS;2;core_area;0;0
353;T4;1;2;3;S;2012;BADAUR;238;D;1;COW;ADULT;1;MALE;NO REMARKS;2;core_area;0;0
354;T4;1;2;3;S;2012;PATANGHIRIA;233;W;4;NILGAI;UNKNOWN;3;UNKNOWN;NO REMARKS;2;core_area;0;1
355;T4;1;2;3;S;2012;BADAUR;238;D;1;COW;ADULT;1;MALE;NO REMARKS;2;core_area;0;0
356;T4;1;2;3;S;2012;UMRAVAN;237;D;1;COW;ADULT;1;MALE;NO REMARKS;2;core_area;0;0
357;T4;1;2;4;S;2012;PATANGHIRIA;233;W;5;SAMBAR;ADULT;1;MALE;NO REMARKS;2;core_area;0;0
358;T4;1;2;4;S;2012;BADAUR;238;D;1;COW;ADULT;1;MALE;NO REMARKS;2;core_area;0;0
359;T4;1;2;4;S;2012;PATANGHIRIA;233;W;5;SAMBAR;ADULT;3;UNKNOWN;NO REMARKS;2;core_area;0;1
360;T4;1;2;4;S;2012;MADLA;230;D;1;COW;ADULT;1;MALE;NO REMARKS;2;core_area;0;0
361;T4;1;2;5;S;2012;BADAUR;238;D;1;COW;ADULT;1;MALE;NO REMARKS;2;core_area;0;0
362;T4;1;2;5;S;2012;BADAUR;238;D;1;COW;ADULT;1;MALE;NO REMARKS;2;core_area;0;0
363;T4;1;2;6;S;2012;JOODI;225;W;5;SAMBAR;ADULT;2;FEMALE;NO REMARKS;2;core_area;0;0
364;T4;1;2;6;S;2012;RAIPURA;658;W;4;NILGAI;UNKNOWN;2;FEMALE;NO REMARKS;2;core_area;0;1
365;T4;1;2;6;S;2012;RAIPURA;658;D;1;COW;ADULT;1;MALE;NO REMARKS;2;core_area;0;1
366;T4;1;2;6;S;2012;JOODI;224;W;4;NILGAI;UNKNOWN;2;FEMALE;NO REMARKS;2;core_area;0;1
367;T4;1;2;6;S;2012;MADLA;229;W;5;SAMBAR;ADULT;1;MALE;NO REMARKS;2;core_area;0;0
368;T4;1;2;6;S;2012;JOODI;224;W;7;WILDPIG;UNKNOWN;3;UNKNOWN;NO REMARKS;2;core_area;0;1
369;T4;1;2;7;R;2012;JOODI;226;W;5;SAMBAR;ADULT;2;FEMALE;NO REMARKS;2;core_area;0;0
370;T4;1;2;7;R;2012;PATANGHIRIA;232;W;5;SAMBAR;ADULT;1;MALE;NO REMARKS;2;core_area;0;1
371;T4;1;2;7;R;2012;MADLA;228;W;7;WILDPIG;ADULT;1;MALE;NO REMARKS;2;core_area;0;0
372;T4;1;2;8;R;2012;PATANGHIRIA;232;W;5;SAMBAR;ADULT;1;MALE;NO REMARKS;2;core_area;0;0
373;T4;1;2;8;R;2012;PATANGHIRIA;231;W;4;NILGAI;UNKNOWN;1;MALE;NO REMARKS;2;core_area;0;0
374;T4;1;2;9;R;2012;MADLA;229;D;1;COW;ADULT;2;FEMALE;NO REMARKS;2;core_area;0;0
375;T4;1;2;9;R;2012;JOODI;226;W;5;SAMBAR;ADULT;3;UNKNOWN;NO REMARKS;2;core_area;0;0
376;T4;1;2;10;R;2012;WEST HINAUTI;530;W;5;SAMBAR;ADULT;2;FEMALE;NO REMARKS;1;HDL;1;1
377;T4;1;2;10;R;2012;BADAUR;238;W;5;SAMBAR;ADULT;1;MALE;NO REMARKS;1;HDL;1;1
378;T4;1;2;10;R;2012;WEST HINAUTI;533;W;5;SAMBAR;ADULT;2;FEMALE;NO REMARKS;2;core_area;0;0
379;T4;1;2;10;R;2012;WEST HINAUTI;533;W;5;SAMBAR;ADULT;3;UNKNOWN;NO REMARKS;2;core_area;0;0
380;T4;1;2;10;R;2012;WEST HINAUTI;533;W;7;WILDPIG;ADULT;1;MALE;NO REMARKS;2;core_area;0;0
381;T4;1;2;11;W;2012;UMRAVAN;254;UK;8;UNKNOWN;UNKNOWN;3;UNKNOWN;NO REMARKS;2;core_area;0;0
382;T4;1;2;12;W;2012;RAIPURA;658;UK;8;UNKNOWN;UNKNOWN;3;UNKNOWN;NO REMARKS;1;HDL;1;1
383;T4;1;2;12;W;2012;MADLA;229;D;1;COW;YOUNG;3;UNKNOWN;MALE;2;core_area;1;0
384;T4;1;2;12;W;2012;BUXAR;253;D;1;COW;YOUNG;3;UNKNOWN;FEMALE;2;core_area;0;0
385;T4;1;2;12;W;2012;RAIPURA;658;W;4;NILGAI;UNKNOWN;2;FEMALE;NO REMARKS;2;core_area;0;0
386;T4;1;2;12;W;2012;RAIPURA;658;D;1;COW;ADULT;2;FEMALE;NO REMARKS;2;core_area;0;0
387;T4;1;2;1;W;2013;JOODI;227;W;9;CARNIVORES;ADULT;3;UNKNOWN;Sloth bear;2;core_area;0;0
388;T4;1;2;1;W;2013;JOODI;227;W;5;SAMBAR;ADULT;1;MALE;4 DAYS OLD KILL;2;core_area;0;0
389;T4;1;2;2;W;2013;CHOUKAN;654;D;1;COW;ADULT;2;FEMALE;NO REMARKS;2;core_area;1;0
390;T4;1;2;2;W;2013;RAIPURA;658;D;1;COW;ADULT;2;FEMALE;T-4 CUBS KILLED IT;2;core_area;0;0
391;T4;1;2;2;W;2013;PATANGHIRIA;238;D;1;COW;ADULT;2;FEMALE;NO REMARKS;2;core_area;0;0
392;T4;1;2;2;W;2013;CHOUKAN;656;D;1;COW;ADULT;1;MALE;T-4 CUBS KILLED IT;2;core_area;0;1
393;T4;1;2;2;W;2013;MADLA;228;W;6;CHEETAL;ADULT;1;MALE;NO REMARKS;1;buffer_zone;1;1
394;T4;1;2;2;W;2013;RAIPURA;658;D;1;COW;ADULT;2;FEMALE;NO REMARKS;2;core_area;0;0
395;T4;1;2;2;W;2013;JOODI;226;W;5;SAMBAR;ADULT;1;MALE;NO REMARKS;2;core_area;0;0
396;T4;1;2;3;S;2013;RAIPURA;658;D;1;COW;ADULT;2;FEMALE;NO REMARKS;2;core_area;0;0
397;T4;1;2;3;S;2013;JOODI;224;W;5;SAMBAR;ADULT;2;FEMALE;NO REMARKS;2;core_area;0;1
398;T4;1;2;3;S;2013;JOODI;224;W;6;CHEETAL;ADULT;3;UNKNOWN;NO REMARKS;2;core_area;0;1
399;T4;1;2;3;S;2013;JOODI;226;W;6;CHEETAL;ADULT;1;MALE;NO REMARKS;2;core_area;0;0
400;T4;1;2;3;S;2013;RAIPURA;658;D;1;COW;ADULT;1;MALE;NO REMARKS;2;core_area;0;0
401;T4;1;2;3;S;2013;JOODI;224;W;5;SAMBAR;ADULT;2;FEMALE;NO REMARKS;2;core_area;0;0
402;T4;1;2;3;S;2013;JOODI;224;D;1;COW;YOUNG;3;UNKNOWN;MALE;2;core_area;0;0
403;T4;1;2;4;S;2013;JOODI;227;W;5;SAMBAR;ADULT;2;FEMALE;NO REMARKS;2;core_area;0;0
404;T4;1;2;4;S;2013;RAIPURA;658;D;1;COW;ADULT;1;MALE;NO REMARKS;2;core_area;0;0
405;T4;1;2;4;S;2013;JOODI;225;W;5;SAMBAR;ADULT;2;FEMALE;NO REMARKS;2;core_area;0;1
406;T4;1;2;4;S;2013;RAIPURA;658;W;7;WILDPIG;UNKNOWN;3;UNKNOWN;NO REMARKS;2;core_area;0;0
407;T4;1;2;4;S;2013;CHOUKAN;657;D;1;COW;ADULT;1;MALE;NO REMARKS;2;core_area;0;0
408;T4;1;2;4;S;2013;CHOUKAN;654;W;5;SAMBAR;ADULT;2;FEMALE;NO REMARKS;2;core_area;0;1
409;T4;1;2;5;S;2013;CHOUKAN;655;W;5;SAMBAR;ADULT;2;FEMALE;2 DAYS OLD KILL;2;core_area;0;1
410;T4;1;2;5;S;2013;MADLA;229;W;7;WILDPIG;UNKNOWN;3;UNKNOWN;NO REMARKS;2;core_area;0;1
411;T5;1;2;11;W;2011;BILHATA;507;D;1;COW;YOUNG;3;UNKNOWN;NO REMARKS;2;core_area;1;0
412;T5;1;2;11;W;2011;GANGAUA;476;W;7;WILDPIG;ADULT;1;MALE;NO REMARKS;2;core_area;0;0
413;T5;1;2;12;W;2011;LALAR;488;W;4;NILGAI;UNKNOWN;2;FEMALE;NO REMARKS;2;core_area;0;0
414;T5;1;2;12;W;2011;JHALAR;483;D;2;BUFFALO;ADULT;2;FEMALE;NO REMARKS;2;core_area;0;0
415;T5;1;2;1;W;2012;KHAMRIA;482;W;7;WILDPIG;ADULT;1;MALE;NO REMARKS;2;core_area;0;0
416;T5;1;2;1;W;2012;MAHADEVGHAT;471;D;1;COW;ADULT;1;MALE;NO REMARKS;2;core_area;0;0
417;T5;1;2;1;W;2012;GANGAUA;473;D;1;COW;ADULT;1;MALE;NO REMARKS;2;core_area;0;0
418;T5;1;2;1;W;2012;GANGAUB;479;W;5;SAMBAR;ADULT;2;FEMALE;NO REMARKS;2;core_area;0;0
419;T5;1;2;2;W;2012;MALEkju;504;D;1;COW;ADULT;1;MALE;NO REMARKS;2;core_area;0;0
420;T5;1;2;2;W;2012;BADGADI;493;D;1;COW;YOUNG;2;UNKNOWN;MALE;2;core_area;0;0
421;T5;1;2;2;W;2012;KHAMRIA;482;W;5;SAMBAR;ADULT;2;FEMALE;NO REMARKS;2;core_area;0;0
422;T5;1;2;2;W;2012;JHALAR;499;D;1;COW;ADULT;2;FEMALE;NO REMARKS;2;core_area;0;0
423;T5;1;2;2;W;2012;JHALAR;483;D;1;COW;ADULT;2;FEMALE;NO REMARKS;2;core_area;0;1
424;T5;1;2;3;S;2012;KHAMRIA;482;W;6;CHEETAL;ADULT;1;MALE;NO REMARKS;2;core_area;0;1
425;T5;1;2;3;S;2012;GANGAUA;474;D;1;COW;ADULT;1;MALE;NO REMARKS;2;core_area;0;0
426;T5;1;2;3;S;2012;GANGAUA;472;D;1;COW;YOUNG;2;UNKNOWN;MALE;2;core_area;0;1
427;T5;1;2;3;S;2012;GANGAUA;474;D;1;COW;ADULT;1;MALE;NO REMARKS;2;core_area;0;0
428;T5;1;2;4;S;2012;GANGAUB;477;W;5;SAMBAR;ADULT;1;MALE;4 DAYS OLD KILL;2;core_area;1;0
429;T5;1;2;4;S;2012;GANGAUB;477;D;1;COW;ADULT;1;MALE;NO REMARKS;2;core_area;0;1
430;T5;1;2;5;S;2012;JHALAR;483;D;1;COW;ADULT;1;MALE;NO REMARKS;2;core_area;0;1
431;T5;1;2;5;S;2012;JHALAR;483;W;6;CHEETAL;ADULT;1;MALE;NO REMARKS;2;core_area;0;1
432;T5;1;2;6;S;2012;GANGAUA;473;D;2;BUFFALO;ADULT;2;FEMALE;NO REMARKS;2;core_area;0;1
433;T5;1;2;6;S;2012;GANGAUA;476;W;5;SAMBAR;ADULT;1;MALE;NO REMARKS;2;core_area;0;0
434;T5;1;2;6;S;2012;GANGAUA;472;D;1;COW;ADULT;1;MALE;NO REMARKS;2;core_area;0;1
435;T5;1;2;7;R;2012;GANGAU;476;D;1;COW;ADULT;1;MALE;NO REMARKS;2;core_area;0;0
436;T5;1;2;8;R;2012;KHAMRIA;482;W;7;WILDPIG;ADULT;2;FEMALE;NO REMARKS;2;core_area;0;0
437;T5;1;2;8;R;2012;GANGAU;475;D;1;COW;ADULT;1;MALE;NO REMARKS;2;core_area;0;0
438;T5;1;2;8;R;2012;KHAMRIA;496;D;1;COW;ADULT;1;MALE;NO REMARKS;2;core_area;0;0
439;T5;1;2;9;R;2012;KHAMRIA;496;D;1;COW;ADULT;1;MALE;NO REMARKS;2;core_area;0;0
440;T5;1;2;9;R;2012;BADGADIb;492;W;5;SAMBAR;ADULT;1;MALE;1 DAY OLD KILL;2;core_area;0;0
441;T5;1;2;9;R;2012;KHAMRIA;481;W;4;NILGAI;UNKNOWN;1;MALE;NO REMARKS;2;core_area;0;0
442;T5;1;2;10;R;2012;BADGADI;493;D;1;COW;YOUNG;3;UNKNOWN;MALE;2;core_area;0;0
443;T5;1;2;10;R;2012;GANGAUB;478;D;1;COW;ADULT;2;FEMALE;NO REMARKS;2;core_area;0;0
444;T5;1;2;10;R;2012;MAHADEVGHAT;473;D;1;COW;ADULT;2;FEMALE;NO REMARKS;2;core_area;0;0
445;T5;1;2;11;W;2012;BADGADI;495;W;6;CHEETAL;ADULT;2;FEMALE;NO REMARKS;2;core_area;0;0
446;T5;1;2;12;W;2012;GANGAUA;476;D;2;BUFFALO;ADULT;2;FEMALE;NO REMARKS;2;core_area;0;0
447;T5;1;2;12;W;2012;KHAMRIA;482;D;1;COW;ADULT;2;FEMALE;A COW AND A CALF WERE FOUND;2;core_area;0;1
448;T5;1;2;12;W;2012;KHAMRIA;482;D;1;COW;YOUNG;3;UNKNOWN;KILLED ALONG WITH MOTHER;2;core_area;0;1
449;T5;1;2;1;W;2013;BADGADI;495;D;1;COW;ADULT;2;FEMALE;ALONG WITH P-212;2;core_area;0;0
450;T5;1;2;1;W;2013;BADGADI;495;D;1;COW;YOUNG;3;UNKNOWN;ALONG WITH P-212;2;core_area;0;0
451;T5;1;2;1;W;2013;JHALAR;483;D;1;COW;ADULT;2;FEMALE;NO REMARKS;2;core_area;0;1
452;T5;1;2;2;W;2013;JHALAR;483;D;1;COW;ADULT;2;FEMALE;1 DAY OLD KILL;2;core_area;0;0
453;T5;1;2;3;S;2013;JHALAR;483;W;6;CHEETAL;ADULT;3;UNKNOWN;NO REMARKS;2;core_area;0;0
454;T5;1;2;4;S;2013;KHAMRIA;482;D;1;COW;ADULT;2;FEMALE;NO REMARKS;2;core_area;0;1
455;T5;1;2;5;S;2013;JHALAR;483;W;7;WILDPIG;UNKNOWN;3;UNKNOWN;NO REMARKS;2;core_area;0;1
456;T5;1;2;5;S;2013;GANGAU;476;D;1;COW;ADULT;2;FEMALE;NO REMARKS;2;core_area;0;1
457;T5;1;2;5;S;2013;JHALAR;483;W;5;SAMBAR;ADULT;1;MALE;NO REMARKS;2;core_area;0;0
458;P111;2;1;1;W;2012;KATARIA;1332;D;2;BUFFALO;ADULT;2;FEMALE;KILL IS OF 20.01.2012. SOUNDS HEARD WHILE CATCHING A BUFFALO;2;core_area;0;0
459;P111;2;1;2;W;2012;BUDH ROAD;530;W;7;WILDPIG;UNKNOWN;3;UNKNOWN;NO REMARKS;2;core_area;0;0
460;P111;2;1;2;W;2012;KHARIYA;527;W;5;SAMBAR;ADULT;1;MALE;NO REMARKS;2;core_area;0;0
461;P111;2;1;2;W;2012;SOUTH HINAUTA;535;W;4;NILGAI;UNKNOWN;1;MALE;NO REMARKS;2;core_area;0;0
462;P111;2;1;3;S;2012;BBC;1331;W;5;SAMBAR;ADULT;1;MALE;NO REMARKS;2;core_area;0;0
463;P111;2;1;3;S;2012;GAHDARA;1326;W;5;SAMBAR;ADULT;1;MALE;NO REMARKS;1;buffer_zone;1;0
464;P111;2;1;3;S;2012;KATARIA;1322;W;5;SAMBAR;ADULT;1;MALE;NO REMARKS;2;core_area;0;0
465;P111;2;1;4;S;2012;SOUTH HINAUTA;535;D;1;COW;ADULT;1;MALE;NO REMARKS;2;core_area;0;0
466;P111;2;1;4;S;2012;BBC;1331;W;5;SAMBAR;ADULT;1;MALE;NO REMARKS;2;core_area;0;0
467;P111;2;1;4;S;2012;SOUTH HINAUTA;535;D;1;COW;ADULT;1;MALE;NO REMARKS;2;core_area;0;0
468;P111;2;1;5;S;2012;KHARIYA;527;W;5;SAMBAR;ADULT;1;MALE;NO REMARKS;2;core_area;0;1
469;P111;2;1;5;S;2012;SOUTH HINAUTA;535;UK;8;UNKNOWN;UNKNOWN;3;UNKNOWN;KILL TIME 09.09 AM;1;HDL;1;1
470;P111;2;1;5;S;2012;KHARIYA;536;W;5;SAMBAR;ADULT;1;MALE;NO REMARKS;2;core_area;0;0
471;P111;2;1;6;S;2012;SOUTH HINAUTA;535;W;5;SAMBAR;ADULT;1;MALE;3 DAYS OLD KILL;2;core_area;0;0
472;P111;2;1;6;S;2012;BBC;1331;D;1;COW;ADULT;1;MALE;1 1/2 DAYS OLD KILL;2;core_area;0;0
473;P111;2;1;7;R;2012;KATARIA;1332;D;1;COW;ADULT;1;MALE;NO REMARKS;2;core_area;0;0
474;P111;2;1;7;R;2012;AKOLA REGION;400;W;4;NILGAI;UNKNOWN;1;MALE;SOUNDS HEARD AT 4.45 AM WHILE KILLING;1;buffer_zone;1;0
475;P111;2;1;7;R;2012;AKOLA;392;D;1;COW;ADULT;1;MALE;NO REMARKS;1;buffer_zone;1;0
476;P111;2;1;8;R;2012;JARGHOWA;381;W;4;NILGAI;UNKNOWN;1;MALE;1 DAY OLD KILL;2;core_area;0;0
477;P111;2;1;8;R;2012;RAJABARIYA;393;W;5;SAMBAR;ADULT;1;MALE;2 DAYS OLD KILL;2;core_area;0;0
478;P111;2;1;8;R;2012;RAJABARIYA;393;D;1;COW;ADULT;2;FEMALE;2 DAYS OLD KILL;2;core_area;1;0
479;P111;2;1;9;R;2012;RAJABARIYA;39;D;1;COW;YOUNG;2;FEMALE;FEMALE;1;buffer_zone;0;0
480;P111;2;1;9;R;2012;AKOLA REGION;399;D;1;COW;ADULT;2;FEMALE;NO REMARKS;1;buffer_zone;1;1
481;P111;2;1;9;R;2012;ITWAHTEK;1367;W;5;SAMBAR;ADULT;1;MALE;NO REMARKS;2;core_area;0;0
482;P111;2;1;9;R;2012;JASWANTPURA;1346;D;1;COW;ADULT;1;MALE;2 DAYS OLD KILL;1;buffer_zone;1;1
483;P111;2;1;10;R;2012;AKOLA REGION;392;D;1;COW;ADULT;2;FEMALE;NO REMARKS;1;buffer_zone;1;0
484;P111;2;1;10;R;2012;AKOLA REGION;392;D;1;COW;ADULT;1;MALE;NO REMARKS;1;buffer_zone;1;0
485;P111;2;1;10;R;2012;MAHUAMOD;1345;D;1;COW;ADULT;2;FEMALE;KILL IS OF 17.10.2012. AROUND 2 PM SOUNDS HEARD;2;core_area;1;0
486;P111;2;1;10;R;2012;MAHUAMOD;1325;W;5;SAMBAR;ADULT;1;MALE;NO REMARKS;2;core_area;0;0
487;P111;2;1;11;W;2012;TARA;1354;D;1;COW;ADULT;2;FEMALE;NO REMARKS;1;buffer_zone;0;0
488;P111;2;1;11;W;2012;TARA;1354;D;1;COW;ADULT;2;FEMALE;NO REMARKS;1;buffer_zone;0;0
489;P111;2;1;11;W;2012;TARA;1352;D;1;COW;ADULT;1;MALE;NO REMARKS;1;buffer_zone;1;0
490;P111;2;1;11;W;2012;TARA;1352;D;1;COW;ADULT;1;MALE;NO REMARKS;1;buffer_zone;1;0
491;P111;2;1;12;W;2012;TARA;1358;D;1;COW;ADULT;1;MALE;NO REMARKS;1;buffer_zone;0;0
492;P111;2;1;12;W;2012;RAMPURA lspqjh;1368;W;5;SAMBAR;ADULT;2;FEMALE;ALONG WITH P-213;2;core_area;0;0
493;P111;2;1;12;W;2012;RAMPURA lspqjh;1368;W;5;SAMBAR;YOUNG;3;UNKNOWN;ALONG WITH P-213;2;core_area;0;0
494;P111;2;1;12;W;2012;TARA;1352;D;2;BUFFALO;ADULT;2;FEMALE;ALONG WITH P-213;1;buffer_zone;1;0
495;P111;2;1;12;W;2012;TARA;1352;D;1;COW;YOUNG;3;UNKNOWN;MALE (ALONG WITH P-213);1;buffer_zone;1;0
496;P111;2;1;1;W;2013;RAMPURA lspqjh;1368;W;4;NILGAI;UNKNOWN;1;MALE;NO REMARKS;1;buffer_zone;0;0
497;P111;2;1;1;W;2013;RAMPURA;1363;D;1;COW;ADULT;1;MALE;NO REMARKS;1;buffer_zone;1;1
498;P111;2;1;1;W;2013;ITWAHTEK;1362;D;1;COW;ADULT;2;FEMALE;NO REMARKS;2;core_area;0;0
499;P111;2;1;2;W;2013;JARGHOWA;381;D;1;COW;ADULT;1;MALE;NO REMARKS;2;core_area;0;0
500;P111;2;1;2;W;2013;AKOLA;399;D;1;COW;YOUNG;3;UNKNOWN;NO REMARKS;1;buffer_zone;0;0
501;P111;2;1;2;W;2013;JARGHOWA;548;D;1;COW;ADULT;2;FEMALE;NO REMARKS;2;core_area;0;0
502;P111;2;1;2;W;2013;ITWAHTEK;1368;D;1;COW;ADULT;2;FEMALE;NO REMARKS;2;core_area;0;0
503;P111;2;1;3;S;2013;JARGHOWA;548;D;1;COW;ADULT;2;FEMALE;NO REMARKS;2;core_area;0;0
504;P111;2;1;3;S;2013;RAJABARIYA;393;D;1;COW;ADULT;1;MALE;NO REMARKS;2;core_area;0;0
505;P111;2;1;4;S;2013;RAMPURA;1363;D;1;COW;ADULT;1;MALE;NO REMARKS;2;core_area;1;0
506;P111;2;1;4;S;2013;MAHUAMOD;1340;D;1;COW;ADULT;1;MALE;AT 7.22 P-111 HAD KILLED IT. WITNESSED;2;core_area;0;0
507;P111;2;1;4;S;2013;MAHUAMOD;1340;D;1;COW;ADULT;2;FEMALE;NO REMARKS;2;core_area;0;0
508;P111;2;1;5;S;2013;RAMPURA;1356;W;5;SAMBAR;ADULT;2;FEMALE;NO REMARKS;2;core_area;0;0
509;P111;2;1;5;S;2013;KANDWAHA;1350;D;1;COW;ADULT;2;FEMALE;1 DAY OLD KILL;2;core_area;1;0
510;P111;2;1;5;S;2013;TARA;1352;W;7;WILDPIG;UNKNOWN;3;UNKNOWN;NO REMARKS;1;buffer_zone;0;0
511;P111;2;1;5;S;2013;TARA;1352;D;1;COW;ADULT;1;MALE;NO REMARKS;1;HDL;1;1
512;P111;2;1;5;S;2013;TARA;1352;W;4;NILGAI;UNKNOWN;1;MALE;KILL HAPPENED ON 29.05.2013 NIGHT;1;HDL;1;1
513;P213;2;2;6;S;2012;RAMPURAFOREST;1368;W;5;SAMBAR;ADULT;3;UNKNOWN;NO REMARKS;1;HDL;1;1
514;P213;2;2;6;S;2012;RAMPURAFOREST;1368;W;5;SAMBAR;ADULT;1;MALE;PARK CURATOR AND HIS TEAM HAS EYE WITNESSED THE KILL BY P-213;1;HDL;1;1
515;P213;2;2;7;R;2012;TARA;1352;D;1;COW;ADULT;2;FEMALE;OUT OF PARK AREA;1;HDL;1;1
516;P213;2;2;7;R;2012;TARA;1352;W;5;SAMBAR;ADULT;3;UNKNOWN;OUT OF PARK AREA;1;HDL;1;1
517;P213;2;2;8;R;2012;TARA;1352;D;1;COW;ADULT;2;FEMALE;OUT OF PARK AREA.OUTER OF AMANGANJ;1;HDL;1;1
518;P213;2;2;8;R;2012;TARA;1354;D;1;COW;ADULT;2;FEMALE;OUT OF PARK AREA.OUTER OF AMANGANJ;1;buffer_zone;0;0
519;P213;2;2;9;R;2012;TARA;1353;D;1;COW;ADULT;2;FEMALE;OUT OF PARK AREA.OUTER OF AMANGANJ;1;buffer_zone;0;0
520;P213;2;2;9;R;2012;KANDWAHA;1352;W;5;SAMBAR;ADULT;3;UNKNOWN;PANNA PARK;2;core_area;1;1
521;P213;2;2;9;R;2012;JASWANTPURA;1342;D;1;COW;ADULT;1;MALE;OUT OF PARK AREA;1;buffer_zone;0;1
522;P213;2;2;9;R;2012;TARA;1360;D;1;COW;ADULT;1;MALE;OUT OF PARK AREA. 2 DAYS OLD KILL;1;buffer_zone;0;0
523;P213;2;2;9;R;2012;TARA;1365;W;5;SAMBAR;ADULT;1;MALE;1 DAY OLD KILL;1;buffer_zone;0;0
524;P213;2;2;10;R;2012;TARA;1365;D;1;COW;ADULT;1;MALE;OUT OF PARK AREA. KILL WAS NOT EATEN;1;buffer_zone;0;0
525;P213;2;2;10;R;2012;TARA;1365;D;1;COW;ADULT;2;FEMALE;OUT OF PARK AREA;1;buffer_zone;0;1
526;P213;2;2;10;R;2012;TARA;1352;D;1;COW;YOUNG;3;UNKNOWN;OUT OF PARK AREA;1;buffer_zone;1;1
527;P213;2;2;10;R;2012;TARA;1352;W;4;NILGAI;UNKNOWN;2;FEMALE;OUT OF PARK AREA;1;buffer_zone;1;1
528;P213;2;2;10;R;2012;TARA;1352;D;1;COW;YOUNG;3;UNKNOWN;OUT OF PARK AREA;1;buffer_zone;1;1
529;P213;2;2;10;R;2012;TARAPARI;1360;D;1;COW;ADULT;1;MALE;OUT OF PARK AREA. KILL WAS NOT EATEN;1;buffer_zone;0;0
530;P213;2;2;10;R;2012;TARA;1360;D;1;COW;YOUNG;3;UNKNOWN;OUT OF PARK AREA;1;buffer_zone;0;0
531;P213;2;2;11;W;2012;TARA;1365;D;1;COW;YOUNG;3;UNKNOWN;NO REMARKS;1;buffer_zone;0;0
532;P213;2;2;11;W;2012;ckanh;406;D;1;COW;ADULT;2;FEMALE;NO REMARKS;1;buffer_zone;0;0
533;P213;2;2;11;W;2012;JASWANTPURA;1342;D;1;COW;ADULT;1;MALE;10 DAYS OLD KILL.P-213 NEAR T-1 KILL;1;buffer_zone;0;0
534;P213;2;2;11;W;2012;TARA;1365;D;1;COW;YOUNG;3;UNKNOWN;NO REMARKS;1;buffer_zone;0;1
535;P213;2;2;11;W;2012;TARA;1352;D;1;COW;YOUNG;3;UNKNOWN;NO REMARKS;1;buffer_zone;0;0
536;P213;2;2;11;W;2012;MAHUAMOD;1347;D;1;COW;YOUNG;3;UNKNOWN;NO REMARKS;1;buffer_zone;0;1
537;P213;2;2;11;W;2012;TARA;1365;UK;8;UNKNOWN;UNKNOWN;3;UNKNOWN;NO REMARKS;1;buffer_zone;0;0
538;P213;2;2;12;W;2012;TARA;1358;UK;8;UNKNOWN;UNKNOWN;3;UNKNOWN;NO REMARKS;1;HDL;1;1
539;P213;2;2;12;W;2012;TARA;1354;UK;8;UNKNOWN;UNKNOWN;3;UNKNOWN;NO REMARKS;1;buffer_zone;0;0
540;P213;2;2;12;W;2012;RAMPURAFOREST;1368;UK;8;UNKNOWN;UNKNOWN;3;UNKNOWN;NO REMARKS;1;HDL;1;1
541;P213;2;2;12;W;2012;RAMPURAFOREST;1368;W;4;NILGAI;UNKNOWN;3;UNKNOWN;NO REMARKS;1;buffer_zone;0;0
542;P213;2;2;12;W;2012;ITWATEK;1367;W;5;SAMBAR;ADULT;3;UNKNOWN;NO REMARKS;2;core_area;0;0
543;P213;2;2;12;W;2012;TARA;1352;D;2;BUFFALO;ADULT;2;FEMALE;P-111 & P-213 TOGETHER PARTICIPATED IN KILL;1;buffer_zone;1;0
544;P213;2;2;12;W;2012;TARA;1352;D;1;COW;YOUNG;3;UNKNOWN;P-111 & P-213 TOGETHER PARTICIPATED IN KILL;1;buffer_zone;1;0
545;P213;2;2;12;W;2012;KUDAN;1325;W;5;SAMBAR;ADULT;2;FEMALE;NO REMARKS;2;core_area;0;0
546;P213;2;2;1;W;2013;TARA;1354;D;1;COW;ADULT;2;FEMALE;NO REMARKS;1;buffer_zone;0;0
547;P213;2;2;1;W;2013;MAHUAMOD;1345;D;1;COW;ADULT;2;FEMALE;NO REMARKS;2;core_area;1;0
548;P213;2;2;1;W;2013;KANDWAHA;1351;W;5;SAMBAR;ADULT;2;FEMALE;NO REMARKS;2;core_area;1;0
549;P213;2;2;1;W;2013;MAHUAMOD;1345;D;1;COW;ADULT;2;FEMALE;NO REMARKS;2;core_area;1;0
550;P213;2;2;1;W;2013;TARA;1359;D;1;COW;ADULT;1;MALE;NO REMARKS;1;HDL;1;1
551;P213;2;2;1;W;2013;TARA;1359;D;1;COW;ADULT;2;FEMALE;NO REMARKS;1;HDL;1;1
552;P213;2;2;2;W;2013;TARA;1352;D;1;COW;YOUNG;2;Female;FEMALE;1;buffer_zone;1;0
553;P213;2;2;2;W;2013;KANDWAHA;1351;W;4;NILGAI;UNKNOWN;3;UNKNOWN;NO REMARKS;2;core_area;1;0
554;P213;2;2;3;S;2013;RAMPURAFOREST;1356;D;1;COW;ADULT;2;FEMALE;NO REMARKS;2;core_area;1;0
555;P213;2;2;3;S;2013;RAMPURAFOREST;1356;D;1;COW;YOUNG;3;UNKNOWN;NO REMARKS;2;core_area;1;0
556;P213;2;2;4;S;2013;RAMPURAFOREST;1356;D;1;COW;ADULT;1;MALE;NO REMARKS;2;core_area;1;0
557;P213;2;2;4;S;2013;MAHUAMOD;1340;D;1;COW;ADULT;1;MALE;NO REMARKS;2;core_area;0;0
558;P213;2;2;4;S;2013;KANDWAHA;1351;W;5;SAMBAR;ADULT;3;UNKNOWN;NO REMARKS;2;core_area;1;0
559;P213;2;2;4;S;2013;TARA;1352;D;1;COW;ADULT;2;FEMALE;2 DEAD COWS FOUND IN THE AREA;2;core_area;0;1
560;P213;2;2;4;S;2013;TARA;1352;D;1;COW;ADULT;2;FEMALE; ;2;core_area;0;1
561;P213;2;2;5;S;2013;MAHUAMOD;1345;D;1;COW;ADULT;2;FEMALE;NO REMARKS;2;core_area;0;0
562;P213;2;2;5;S;2013;KANDWAHA;1351;D;1;COW;ADULT;2;FEMALE;NO REMARKS;2;core_area;1;1
563;P213;2;2;5;S;2013;KANDWAHA;1350;W;5;SAMBAR;ADULT;3;UNKNOWN;3 DAYS OLD KILL;2;core_area;1;0
564;P211;2;1;3;S;2012;MAHUAMOD;1345;D;1;COW;ADULT;2;FEMALE;NO REMARKS;2;core_area;1;0
565;P211;2;1;4;S;2012;TARA;1352;D;1;COW;ADULT;2;FEMALE;NO REMARKS;1;HDL;1;1
566;P211;2;1;4;S;2012;TARA;1352;W;5;SAMBAR;ADULT;3;UNKNOWN;NO REMARKS;1;HDL;1;1
567;P211;2;1;5;S;2012;TARA;1352;W;4;NILGAI;UNKNOWN;1;MALE;NO REMARKS;1;HDL;1;1
568;P211;2;1;5;S;2012;TARA;1352;D;1;COW;YOUNG;3;UNKNOWN;NO REMARKS;1;buffer_zone;1;0
569;P211;2;1;6;S;2012;TARA;1354;W;5;SAMBAR;ADULT;1;MALE;NO REMARKS;1;buffer_zone;0;0
570;P211;2;1;6;S;2012;JASWANTPURA;1336;W;5;SAMBAR;ADULT;3;UNKNOWN;NO REMARKS;1;buffer_zone;0;0
571;P211;2;1;7;R;2012;MAHUAMOD;1340;W;4;NILGAI;UNKNOWN;1;MALE;NO REMARKS;2;core_area;0;0
572;P211;2;1;7;R;2012;TARA;1352;D;1;COW;ADULT;1;MALE;NO REMARKS;1;buffer_zone;0;1
573;P211;2;1;7;R;2012;TARA;1352;D;1;COW;ADULT;2;FEMALE;NO REMARKS;1;buffer_zone;0;1
574;P211;2;1;7;R;2012;GAHDARAFOREST;1326;D;1;COW;ADULT;1;MALE;NO REMARKS;1;buffer_zone;0;0
575;P211;2;1;8;R;2012;KONI;509;W;5;SAMBAR;ADULT;1;MALE;NO REMARKS;2;core_area;1;0
576;P211;2;1;8;R;2012;KATARIAFOREST;1312;D;1;COW;YOUNG;3;UNKNOWN;NO REMARKS;1;buffer_zone;0;0
577;P211;2;1;8;R;2012;AMANGANJPARI;1305;D;1;COW;ADULT;2;FEMALE;NO REMARKS;1;buffer_zone;1;0
578;P211;2;1;8;R;2012;KISANGARHPARI;468;D;1;COW;ADULT;2;FEMALE;NO REMARKS;1;buffer_zone;1;0
579;P211;2;1;8;R;2012;KISANGARH;448;D;1;COW;ADULT;1;MALE;NO REMARKS;1;buffer_zone;1;0
580;P211;2;1;9;R;2012;unknown;413;D;1;COW;ADULT;1;MALE;NO REMARKS;1;HDL;1;1
581;P211;2;1;9;R;2012;KISANGARHPARI;1;D;1;COW;ADULT;2;FEMALE;NO REMARKS;1;buffer_zone;1;0
582;P211;2;1;9;R;2012;KISANGARH;446;D;1;COW;YOUNG;3;UNKNOWN;NO REMARKS;1;buffer_zone;1;0
583;P211;2;1;9;R;2012;KISANGARH;446;D;1;COW;YOUNG;3;UNKNOWN;NO REMARKS;1;buffer_zone;1;0
584;P211;2;1;9;R;2012;MANAKPURAPARI SHAHGARH;348;D;1;COW;ADULT;1;MALE;NO REMARKS;1;HDL;1;1
585;P211;2;1;9;R;2012;KASERA;278;D;1;COW;YOUNG;1;MALE;MALE;1;HDL;1;1
586;P211;2;1;9;R;2012;SHAHGARH;498;D;1;COW;ADULT;2;FEMALE;NO REMARKS;1;HDL;1;1
587;P211;2;1;10;R;2012;MANAKPURAPARI SHAHGARH;442;D;1;COW;ADULT;1;MALE;NO REMARKS;1;HDL;1;1
588;P211;2;1;10;R;2012;DONGPURBANDA;267;D;1;COW;ADULT;1;MALE;NO REMARKS;1;HDL;1;1
589;P211;2;1;10;R;2012;PARI BANDARI;209;D;1;COW;ADULT;1;MALE;NO REMARKS;1;HDL;1;1
590;P211;2;1;10;R;2012;MALTON PARI SOLDA;1;D;1;COW;ADULT;1;MALE;NO REMARKS;1;HDL;1;1
591;P211;2;1;10;R;2012;MUDWARAPARI PIDRUA;1;W;4;NILGAI;UNKNOWN;1;MALE;NO REMARKS;1;HDL;1;1
592;P211;2;1;11;W;2012;BANDARI OUTER;192;D;1;COW;ADULT;1;MALE;NO REMARKS;1;HDL;1;1
593;P211;2;1;11;W;2012;TALPOD BANDARI OUTER;186;D;1;COW;ADULT;1;MALE;NO REMARKS;1;HDL;1;1
594;P211;2;1;11;W;2012;BAHROL;205;D;1;COW;ADULT;1;MALE;NO REMARKS;1;HDL;1;1
595;P211;2;1;11;W;2012;CHITAULI;377;D;1;COW;ADULT;2;FEMALE;NO REMARKS;1;HDL;1;1
596;P212;2;1;6;S;2012;TARA;1352;D;1;COW;ADULT;2;FEMALE;NO REMARKS;1;buffer_zone;1;1
597;P212;2;1;6;S;2012;SOUTH HINAUTA;540;D;1;COW;ADULT;1;MALE;NO REMARKS;1;buffer_zone;0;1
598;P212;2;1;6;S;2012;SOUTH HINAUTA;540;D;1;COW;ADULT;1;MALE;NO REMARKS;2;core_area;0;1
599;P212;2;1;6;S;2012;SOUTH HINAUTA;540;D;1;COW;ADULT;2;FEMALE;witnessed THE KILL;1;buffer_zone;0;1
600;P212;2;1;7;R;2012;JARGHOWA;381;W;5;SAMBAR;ADULT;1;MALE;NO REMARKS;1;HDL;1;1
601;P212;2;1;7;R;2012;TARA;1352;D;2;BUFFALO;ADULT;2;FEMALE;AROUND 10.45 AM SOUNDS HEARD OF CATCHING. AFTER SEACH FOUND THE KILL;1;HDL;1;1
602;P212;2;1;7;R;2012;RAMPUra;1368;W;5;SAMBAR;YOUNG;3;UNKNOWN;NO REMARKS;1;HDL;1;1
603;P212;2;1;7;R;2012;ITWATEK;1368;W;4;NILGAI;UNKNOWN;1;MALE;2 DAYS OLD KILL;1;HDL;1;1
604;P212;2;1;7;R;2012;UTTAR BADHI;404;W;5;SAMBAR;ADULT;1;MALE;NO REMARKS;1;HDL;1;1
605;P212;2;1;7;R;2012;AKOLA;400;D;1;COW;YOUNG;3;UNKNOWN;NO REMARKS;1;HDL;1;1
606;P212;2;1;7;R;2012;JHALAI;418;D;1;COW;ADULT;1;MALE;NO REMARKS;1;HDL;1;1
607;P212;2;1;7;R;2012;JHALAI;416;D;2;BUFFALO;ADULT;1;MALE;NO REMARKS;1;HDL;1;1
608;P212;2;1;7;R;2012;JHALAI;417;W;4;NILGAI;UNKNOWN;1;MALE;KILL DATE 29.07.2012;1;HDL;1;1
609;P212;2;1;8;R;2012;BADGADI;506;D;1;COW;YOUNG;3;UNKNOWN;NO REMARKS;2;core_area;0;1
610;P212;2;1;8;R;2012;BADGADI;494;D;1;COW;ADULT;2;FEMALE;NO REMARKS;2;core_area;0;0
611;P212;2;1;8;R;2012;BADGADI;506;D;1;COW;YOUNG;3;UNKNOWN;NO REMARKS;2;core_area;0;0
612;P212;2;1;8;R;2012;BADGADI ch;505;W;7;WILDPIG;ADULT;1;MALE;KILL OF P=212 ONLY. BUT, DID NOT EAT THE KILL;2;core_area;0;0
613;P212;2;1;8;R;2012;BADGADI ch;516;W;5;SAMBAR;ADULT;2;FEMALE;NO REMARKS;2;core_area;0;0
614;P212;2;1;8;R;2012;GAHDARAFOREST;1304;D;1;COW;ADULT;2;FEMALE;HEARD SOUNDS OF CATCHING THE KILL ON 24.08.2012 AT 12.05 PM;1;buffer_zone;1;0
615;P212;2;1;8;R;2012;BILHATA;507;W;4;NILGAI;UNKNOWN;1;MALE;KILL DATE 29.08.2012 NIGHT;2;core_area;1;0
616;P212;2;1;9;R;2012;KHAMRIA;496;D;1;COW;ADULT;1;MALE;P-212 +T-5 TOGETHER PARTICIPATED IN KILL;2;core_area;0;0
617;P212;2;1;9;R;2012;BADGADI;506;D;1;COW;ADULT;2;FEMALE;NO REMARKS;2;core_area;0;0
618;P212;2;1;10;R;2012;KHAMRIA;497;W;5;SAMBAR;ADULT;1;MALE;NO REMARKS;2;core_area;0;0
619;P212;2;1;10;R;2012;GANGAU ch;478;D;1;COW;ADULT;1;MALE;NO REMARKS;2;core_area;0;1
620;P212;2;1;10;R;2012;GAHDARAFOREST;1304;D;1;COW;YOUNG;3;UNKNOWN;NO REMARKS;1;buffer_zone;1;0
621;P212;2;1;10;R;2012;JHALAR;484;D;2;BUFFALO;YOUNG;3;UNKNOWN;NO REMARKS;1;buffer_zone;0;0
622;P212;2;1;11;W;2012;JHALAR;483;D;2;BUFFALO;ADULT;2;FEMALE;NO REMARKS;2;core_area;0;1
623;P212;2;1;11;W;2012;BADGADI;506;D;1;COW;ADULT;2;FEMALE;NO REMARKS;2;core_area;0;0
624;P212;2;1;11;W;2012;MALEkju;504;D;1;COW;ADULT;1;MALE;NO REMARKS;2;core_area;0;0
625;P212;2;1;12;W;2012;MALEkju;490;D;1;COW;ADULT;1;MALE;WWITNESSED KILL AT ROUND 2.40 PM;2;core_area;0;0
626;P212;2;1;12;W;2012;GANGAU ch;477;D;1;COW;ADULT;1;MALE;NO REMARKS;2;core_area;0;1
627;P212;2;1;12;W;2012;BADGADI;506;D;1;COW;ADULT;1;MALE;NO REMARKS;2;core_area;0;0
628;P212;2;1;1;W;2013;UNKNOWN;495;D;1;COW;ADULT;1;MALE;NO REMARKS;2;core_area;0;0
629;P212;2;1;1;W;2013;BADGADI;506;D;1;COW;YOUNG;3;UNKNOWN;NO REMARKS;2;core_area;0;0
630;P212;2;1;1;W;2013;BADGADI;495;D;1;COW;YOUNG;3;UNKNOWN;NO REMARKS;2;core_area;0;0
631;P212;2;1;2;W;2013;MALEkju;504;D;1;COW;ADULT;1;MALE;NO REMARKS;2;core_area;0;0
632;P212;2;1;2;W;2013;JHALAR;483;W;6;CHEETAL;ADULT;1;MALE;NO REMARKS;2;core_area;0;1
633;P212;2;1;3;S;2013;BADGADI;506;D;1;COW;ADULT;2;FEMALE;NO REMARKS;2;core_area;0;0
634;P212;2;1;3;S;2013;KHAMRIA;482;D;1;COW;ADULT;1;MALE;NO REMARKS;2;core_area;0;1
635;P212;2;1;3;S;2013;JHALAR;500;D;1;COW;YOUNG;3;UNKNOWN;DID NOT EAT THE KILL;2;core_area;0;0
636;P212;2;1;3;S;2013;JHALAR;499;D;2;BUFFALO;ADULT;2;FEMALE;DID NOT EAT THE KILL;2;core_area;0;0
637;P212;2;1;3;S;2013;GANGAU;476;D;1;COW;ADULT;1;MALE;WITNESSED WHILE PULLING THE KILL;2;core_area;0;0
638;P212;2;1;3;S;2013;BILHATA;521;UK;8;UNKNOWN;UNKNOWN;3;UNKNOWN;NO REMARKS;2;core_area;1;0
639;P212;2;1;3;S;2013;KHAMRIA;482;D;2;BUFFALO;ADULT;2;FEMALE;NO REMARKS;2;core_area;0;1
640;P212;2;1;3;S;2013;BILHATA;507;D;1;COW;YOUNG;1;MALE;BAIT CALF;2;core_area;1;0
641;P212;2;1;4;S;2013;BILHATA;507;W;4;NILGAI;UNKNOWN;1;MALE;NO REMARKS;2;core_area;1;0
642;P212;2;1;4;S;2013;GANGAU;1312;D;1;COW;ADULT;1;MALE;NO REMARKS;1;buffer_zone;1;0
643;P212;2;1;5;S;2013;dksuh;5010;D;1;COW;ADULT;1;MALE;NO REMARKS;1;buffer_zone;1;0
644;P212;2;1;5;S;2013;JHALAR;483;D;1;COW;YOUNG;3;UNKNOWN;NO REMARKS;2;core_area;0;1
645;P212;2;1;5;S;2013;KHAMRIA;482;D;2;BUFFALO;YOUNG;3;UNKNOWN;NO REMARKS;2;core_area;0;1
